case_id,fir_number,filed_date,modus_operandi,weapon_type,status,narrative_kn,narrative_en,location_id,sensitivity_level
KA-2026-00001,FIR/2026/1520,2026-04-27,chain snatching on foot near market,knife,under investigation,"Mysuru ಪ್ರದೇಶದಲ್ಲಿ ಮಾರುಕಟ್ಟೆ ಬಳಿ ನಡೆದುಕೊಂಡು ಸರಗಳ್ಳತನ ಘಟನೆ ವರದಿಯಾಗಿದ್ದು, ಸಮಯ ಸುಮಾರು 04:44. ಪ್ರಸ್ತುತ ಸ್ಥಿತಿ: ತನಿಖೆ ಹಂತದಲ್ಲಿ.",Complainant reported a chain snatching on foot near market at approximately 04:44 in Mysuru. A knife was reportedly involved. Case status: under investigation.,LOC-fa94b86e,restricted
KA-2025-00002,FIR/2025/3615,2025-11-28,chain snatching on foot near market,none (cyber/no physical weapon),chargesheet filed,Belagavi ನಲ್ಲಿ 19:43 ಸಮಯದಲ್ಲಿ ಮಾರುಕಟ್ಟೆ ಬಳಿ ನಡೆದುಕೊಂಡು ಸರಗಳ್ಳತನ ಪ್ರಕರಣ ವರದಿಯಾಗಿದೆ. ಪ್ರಕರಣದ ಸ್ಥಿತಿ: ಆರೋಪಪಟ್ಟಿ ಸಲ್ಲಿಕೆಯಾಗಿದೆ.,A case of chain snatching on foot near market was registered in Belagavi. Incident occurred around 19:43. No weapon was involved. Current status: chargesheet filed.,LOC-9963984c,standard
KA-2025-00003,FIR/2025/6635,2025-08-13,shop burglary after business hours,none,under investigation,"Hubballi-Dharwad ಪ್ರದೇಶದಲ್ಲಿ ವ್ಯಾಪಾರದ ಸಮಯದ ನಂತರ ಅಂಗಡಿ ಕಳ್ಳತನ ಘಟನೆ ವರದಿಯಾಗಿದ್ದು, ಸಮಯ ಸುಮಾರು 04:42. ಪ್ರಸ್ತುತ ಸ್ಥಿತಿ: ತನಿಖೆ ಹಂತದಲ್ಲಿ.",Complainant reported a shop burglary after business hours at approximately 04:42 in Hubballi-Dharwad. No weapon was involved. Case status: under investigation.,LOC-9eddee38,standard
KA-2025-00004,FIR/2025/1750,2025-07-15,ATM tampering attempt,none,closed,Tumakuru ನಲ್ಲಿ 18:43 ಸಮಯದಲ್ಲಿ ಎಟಿಎಂ ಕುತಂತ್ರ ಪ್ರಯತ್ನ ಪ್ರಕರಣ ವರದಿಯಾಗಿದೆ. ಪ್ರಕರಣದ ಸ್ಥಿತಿ: ಪ್ರಕರಣ ಮುಕ್ತಾಯ.,Complainant reported a ATM tampering attempt at approximately 18:43 in Tumakuru. No weapon was involved. Case status: closed.,LOC-debddecb,standard
KA-2025-00005,FIR/2025/6820,2025-07-20,ATM tampering attempt,blunt object,pending forensic report,"Mysuru ಪ್ರದೇಶದಲ್ಲಿ ಎಟಿಎಂ ಕುತಂತ್ರ ಪ್ರಯತ್ನ ಘಟನೆ ವರದಿಯಾಗಿದ್ದು, ಸಮಯ ಸುಮಾರು 17:55. ಪ್ರಸ್ತುತ ಸ್ಥಿತಿ: ವಿಧಿವಿಜ್ಞಾನ ವರದಿ ಬಾಕಿ.",Complainant reported a ATM tampering attempt at approximately 17:55 in Mysuru. A blunt object was reportedly involved. Case status: pending forensic report.,LOC-efc8be33,standard
KA-2025-00006,FIR/2025/6313,2025-08-12,chain snatching on foot near market,knife,pending forensic report,Mysuru ನಲ್ಲಿ 11:07 ಸಮಯದಲ್ಲಿ ಮಾರುಕಟ್ಟೆ ಬಳಿ ನಡೆದುಕೊಂಡು ಸರಗಳ್ಳತನ ಪ್ರಕರಣ ವರದಿಯಾಗಿದೆ. ಪ್ರಕರಣದ ಸ್ಥಿತಿ: ವಿಧಿವಿಜ್ಞಾನ ವರದಿ ಬಾಕಿ.,A case of chain snatching on foot near market was registered in Mysuru. Incident occurred around 11:07. A knife was reportedly involved. Current status: pending forensic report.,LOC-abb83e3d,standard
KA-2024-00007,FIR/2024/9179,2024-11-23,ATM tampering attempt,blunt object,under investigation,Belagavi ನಲ್ಲಿ 18:00 ಸಮಯದಲ್ಲಿ ಎಟಿಎಂ ಕುತಂತ್ರ ಪ್ರಯತ್ನ ಪ್ರಕರಣ ವರದಿಯಾಗಿದೆ. ಪ್ರಕರಣದ ಸ್ಥಿತಿ: ತನಿಖೆ ಹಂತದಲ್ಲಿ.,A case of ATM tampering attempt was registered in Belagavi. Incident occurred around 18:00. A blunt object was reportedly involved. Current status: under investigation.,LOC-d9f4033d,standard
KA-2026-00008,FIR/2026/4593,2026-06-25,cyber fraud via phishing call,blunt object,pending forensic report,"Tumakuru ಪ್ರದೇಶದಲ್ಲಿ ಫಿಶಿಂಗ್ ಕರೆ ಮೂಲಕ ಸೈಬರ್ ವಂಚನೆ ಘಟನೆ ವರದಿಯಾಗಿದ್ದು, ಸಮಯ ಸುಮಾರು 11:41. ಪ್ರಸ್ತುತ ಸ್ಥಿತಿ: ವಿಧಿವಿಜ್ಞಾನ ವರದಿ ಬಾಕಿ.",A case of cyber fraud via phishing call was registered in Tumakuru. Incident occurred around 11:41. A blunt object was reportedly involved. Current status: pending forensic report.,LOC-ed2cf155,standard
KA-2025-00009,FIR/2025/7252,2025-10-17,residential break-in via forced door lock,knife,chargesheet filed,"Shivamogga ಪ್ರದೇಶದಲ್ಲಿ ಬಾಗಿಲಿನ ಬೀಗ ಮುರಿದು ಮನೆ ಕಳ್ಳತನ ಘಟನೆ ವರದಿಯಾಗಿದ್ದು, ಸಮಯ ಸುಮಾರು 19:15. ಪ್ರಸ್ತುತ ಸ್ಥಿತಿ: ಆರೋಪಪಟ್ಟಿ ಸಲ್ಲಿಕೆಯಾಗಿದೆ.",Complainant reported a residential break-in via forced door lock at approximately 19:15 in Shivamogga. A knife was reportedly involved. Case status: chargesheet filed.,LOC-7924c096,standard
KA-2025-00010,FIR/2025/8123,2025-06-12,residential break-in via rear window,none,closed,"Shivamogga ಪ್ರದೇಶದಲ್ಲಿ ಹಿಂಬದಿ ಕಿಟಕಿಯ ಮೂಲಕ ಮನೆ ಕಳ್ಳತನ ಘಟನೆ ವರದಿಯಾಗಿದ್ದು, ಸಮಯ ಸುಮಾರು 10:39. ಪ್ರಸ್ತುತ ಸ್ಥಿತಿ: ಪ್ರಕರಣ ಮುಕ್ತಾಯ.",Complainant reported a residential break-in via rear window at approximately 10:39 in Shivamogga. No weapon was involved. Case status: closed.,LOC-61f2aa9a,standard
KA-2026-00011,FIR/2026/7126,2026-02-27,cyber fraud via phishing call,none,closed,Hubballi-Dharwad ನಲ್ಲಿ 15:02 ಸಮಯದಲ್ಲಿ ಫಿಶಿಂಗ್ ಕರೆ ಮೂಲಕ ಸೈಬರ್ ವಂಚನೆ ಪ್ರಕರಣ ವರದಿಯಾಗಿದೆ. ಪ್ರಕರಣದ ಸ್ಥಿತಿ: ಪ್ರಕರಣ ಮುಕ್ತಾಯ.,Complainant reported a cyber fraud via phishing call at approximately 15:02 in Hubballi-Dharwad. No weapon was involved. Case status: closed.,LOC-2c475c2b,standard
KA-2025-00012,FIR/2025/1949,2025-07-17,pickpocketing in crowded transit area,none,under investigation,Shivamogga ನಲ್ಲಿ 20:54 ಸಮಯದಲ್ಲಿ ಜನನಿಬಿಡ ಸ್ಥಳದಲ್ಲಿ ಜೇಬುಗಳ್ಳತನ ಪ್ರಕರಣ ವರದಿಯಾಗಿದೆ. ಪ್ರಕರಣದ ಸ್ಥಿತಿ: ತನಿಖೆ ಹಂತದಲ್ಲಿ.,A case of pickpocketing in crowded transit area was registered in Shivamogga. Incident occurred around 20:54. No weapon was involved. Current status: under investigation.,LOC-ebf2e9db,standard
KA-2026-00013,FIR/2026/9645,2026-01-08,residential break-in via forced door lock,knife,chargesheet filed,"Mysuru ಪ್ರದೇಶದಲ್ಲಿ ಬಾಗಿಲಿನ ಬೀಗ ಮುರಿದು ಮನೆ ಕಳ್ಳತನ ಘಟನೆ ವರದಿಯಾಗಿದ್ದು, ಸಮಯ ಸುಮಾರು 07:48. ಪ್ರಸ್ತುತ ಸ್ಥಿತಿ: ಆರೋಪಪಟ್ಟಿ ಸಲ್ಲಿಕೆಯಾಗಿದೆ.",Complainant reported a residential break-in via forced door lock at approximately 07:48 in Mysuru. A knife was reportedly involved. Case status: chargesheet filed.,LOC-c8e888c0,standard
KA-2025-00014,FIR/2025/2982,2025-08-03,chain snatching on foot near market,blunt object,pending forensic report,"Belagavi ಪ್ರದೇಶದಲ್ಲಿ ಮಾರುಕಟ್ಟೆ ಬಳಿ ನಡೆದುಕೊಂಡು ಸರಗಳ್ಳತನ ಘಟನೆ ವರದಿಯಾಗಿದ್ದು, ಸಮಯ ಸುಮಾರು 02:07. ಪ್ರಸ್ತುತ ಸ್ಥಿತಿ: ವಿಧಿವಿಜ್ಞಾನ ವರದಿ ಬಾಕಿ.",A case of chain snatching on foot near market was registered in Belagavi. Incident occurred around 02:07. A blunt object was reportedly involved. Current status: pending forensic report.,LOC-e167733d,standard
KA-2024-00015,FIR/2024/2104,2024-04-20,cyber fraud via fake job offer,knife,under investigation,Kalaburagi ನಲ್ಲಿ 06:48 ಸಮಯದಲ್ಲಿ ನಕಲಿ ಉದ್ಯೋಗ ನೀಡಿಕೆ ಮೂಲಕ ಸೈಬರ್ ವಂಚನೆ ಪ್ರಕರಣ ವರದಿಯಾಗಿದೆ. ಪ್ರಕರಣದ ಸ್ಥಿತಿ: ತನಿಖೆ ಹಂತದಲ್ಲಿ.,Complainant reported a cyber fraud via fake job offer at approximately 06:48 in Kalaburagi. A knife was reportedly involved. Case status: under investigation.,LOC-d1ea1ed7,standard
KA-2026-00016,FIR/2026/8749,2026-06-06,pickpocketing in crowded transit area,knife,chargesheet filed,Mysuru ನಲ್ಲಿ 02:01 ಸಮಯದಲ್ಲಿ ಜನನಿಬಿಡ ಸ್ಥಳದಲ್ಲಿ ಜೇಬುಗಳ್ಳತನ ಪ್ರಕರಣ ವರದಿಯಾಗಿದೆ. ಪ್ರಕರಣದ ಸ್ಥಿತಿ: ಆರೋಪಪಟ್ಟಿ ಸಲ್ಲಿಕೆಯಾಗಿದೆ.,A case of pickpocketing in crowded transit area was registered in Mysuru. Incident occurred around 02:01. A knife was reportedly involved. Current status: chargesheet filed.,LOC-fa94b86e,standard
KA-2024-00017,FIR/2024/7596,2024-03-25,ATM tampering attempt,none (cyber/no physical weapon),pending forensic report,Mysuru ನಲ್ಲಿ 03:38 ಸಮಯದಲ್ಲಿ ಎಟಿಎಂ ಕುತಂತ್ರ ಪ್ರಯತ್ನ ಪ್ರಕರಣ ವರದಿಯಾಗಿದೆ. ಪ್ರಕರಣದ ಸ್ಥಿತಿ: ವಿಧಿವಿಜ್ಞಾನ ವರದಿ ಬಾಕಿ.,Complainant reported a ATM tampering attempt at approximately 03:38 in Mysuru. No weapon was involved. Case status: pending forensic report.,LOC-b47cff09,standard
KA-2025-00018,FIR/2025/2235,2025-03-08,two-wheeler theft from parking area,none (cyber/no physical weapon),chargesheet filed,Belagavi ನಲ್ಲಿ 16:54 ಸಮಯದಲ್ಲಿ ಪಾರ್ಕಿಂಗ್ ಪ್ರದೇಶದಿಂದ ದ್ವಿಚಕ್ರ ವಾಹನ ಕಳ್ಳತನ ಪ್ರಕರಣ ವರದಿಯಾಗಿದೆ. ಪ್ರಕರಣದ ಸ್ಥಿತಿ: ಆರೋಪಪಟ್ಟಿ ಸಲ್ಲಿಕೆಯಾಗಿದೆ.,A case of two-wheeler theft from parking area was registered in Belagavi. Incident occurred around 16:54. No weapon was involved. Current status: chargesheet filed.,LOC-13e5539f,standard
KA-2024-00019,FIR/2024/8886,2024-09-15,residential break-in via rear window,none,chargesheet filed,"Mysuru ಪ್ರದೇಶದಲ್ಲಿ ಹಿಂಬದಿ ಕಿಟಕಿಯ ಮೂಲಕ ಮನೆ ಕಳ್ಳತನ ಘಟನೆ ವರದಿಯಾಗಿದ್ದು, ಸಮಯ ಸುಮಾರು 08:31. ಪ್ರಸ್ತುತ ಸ್ಥಿತಿ: ಆರೋಪಪಟ್ಟಿ ಸಲ್ಲಿಕೆಯಾಗಿದೆ.",A case of residential break-in via rear window was registered in Mysuru. Incident occurred around 08:31. No weapon was involved. Current status: chargesheet filed.,LOC-c8e888c0,standard
KA-2025-00020,FIR/2025/3536,2025-03-19,ATM tampering attempt,blunt object,pending forensic report,"Bengaluru Urban ಪ್ರದೇಶದಲ್ಲಿ ಎಟಿಎಂ ಕುತಂತ್ರ ಪ್ರಯತ್ನ ಘಟನೆ ವರದಿಯಾಗಿದ್ದು, ಸಮಯ ಸುಮಾರು 02:51. ಪ್ರಸ್ತುತ ಸ್ಥಿತಿ: ವಿಧಿವಿಜ್ಞಾನ ವರದಿ ಬಾಕಿ.",A case of ATM tampering attempt was registered in Bengaluru Urban. Incident occurred around 02:51. A blunt object was reportedly involved. Current status: pending forensic report.,LOC-a1b34319,standard
KA-2026-00021,FIR/2026/1931,2026-06-26,shop burglary after business hours,none,under investigation,Bengaluru Urban ನಲ್ಲಿ 11:43 ಸಮಯದಲ್ಲಿ ವ್ಯಾಪಾರದ ಸಮಯದ ನಂತರ ಅಂಗಡಿ ಕಳ್ಳತನ ಪ್ರಕರಣ ವರದಿಯಾಗಿದೆ. ಪ್ರಕರಣದ ಸ್ಥಿತಿ: ತನಿಖೆ ಹಂತದಲ್ಲಿ.,A case of shop burglary after business hours was registered in Bengaluru Urban. Incident occurred around 11:43. No weapon was involved. Current status: under investigation.,LOC-f22e7bd7,standard
KA-2026-00022,FIR/2026/2343,2026-06-03,chain snatching on foot near market,none (cyber/no physical weapon),under investigation,Mangaluru ನಲ್ಲಿ 23:02 ಸಮಯದಲ್ಲಿ ಮಾರುಕಟ್ಟೆ ಬಳಿ ನಡೆದುಕೊಂಡು ಸರಗಳ್ಳತನ ಪ್ರಕರಣ ವರದಿಯಾಗಿದೆ. ಪ್ರಕರಣದ ಸ್ಥಿತಿ: ತನಿಖೆ ಹಂತದಲ್ಲಿ.,Complainant reported a chain snatching on foot near market at approximately 23:02 in Mangaluru. No weapon was involved. Case status: under investigation.,LOC-a60397df,standard
KA-2025-00023,FIR/2025/5915,2025-02-16,chain snatching on foot near market,blunt object,chargesheet filed,Davanagere ನಲ್ಲಿ 14:49 ಸಮಯದಲ್ಲಿ ಮಾರುಕಟ್ಟೆ ಬಳಿ ನಡೆದುಕೊಂಡು ಸರಗಳ್ಳತನ ಪ್ರಕರಣ ವರದಿಯಾಗಿದೆ. ಪ್ರಕರಣದ ಸ್ಥಿತಿ: ಆರೋಪಪಟ್ಟಿ ಸಲ್ಲಿಕೆಯಾಗಿದೆ.,A case of chain snatching on foot near market was registered in Davanagere. Incident occurred around 14:49. A blunt object was reportedly involved. Current status: chargesheet filed.,LOC-ee0c9478,standard
KA-2026-00024,FIR/2026/6718,2026-02-24,residential break-in via forced door lock,none,chargesheet filed,Bengaluru Urban ನಲ್ಲಿ 20:44 ಸಮಯದಲ್ಲಿ ಬಾಗಿಲಿನ ಬೀಗ ಮುರಿದು ಮನೆ ಕಳ್ಳತನ ಪ್ರಕರಣ ವರದಿಯಾಗಿದೆ. ಪ್ರಕರಣದ ಸ್ಥಿತಿ: ಆರೋಪಪಟ್ಟಿ ಸಲ್ಲಿಕೆಯಾಗಿದೆ.,A case of residential break-in via forced door lock was registered in Bengaluru Urban. Incident occurred around 20:44. No weapon was involved. Current status: chargesheet filed.,LOC-a1b34319,standard
KA-2026-00025,FIR/2026/3200,2026-05-11,cyber fraud via phishing call,blunt object,under investigation,Kalaburagi ನಲ್ಲಿ 13:04 ಸಮಯದಲ್ಲಿ ಫಿಶಿಂಗ್ ಕರೆ ಮೂಲಕ ಸೈಬರ್ ವಂಚನೆ ಪ್ರಕರಣ ವರದಿಯಾಗಿದೆ. ಪ್ರಕರಣದ ಸ್ಥಿತಿ: ತನಿಖೆ ಹಂತದಲ್ಲಿ.,A case of cyber fraud via phishing call was registered in Kalaburagi. Incident occurred around 13:04. A blunt object was reportedly involved. Current status: under investigation.,LOC-3ef1929e,standard
KA-2025-00026,FIR/2025/1832,2025-02-14,chain snatching on foot near market,blunt object,chargesheet filed,"Shivamogga ಪ್ರದೇಶದಲ್ಲಿ ಮಾರುಕಟ್ಟೆ ಬಳಿ ನಡೆದುಕೊಂಡು ಸರಗಳ್ಳತನ ಘಟನೆ ವರದಿಯಾಗಿದ್ದು, ಸಮಯ ಸುಮಾರು 02:01. ಪ್ರಸ್ತುತ ಸ್ಥಿತಿ: ಆರೋಪಪಟ್ಟಿ ಸಲ್ಲಿಕೆಯಾಗಿದೆ.",A case of chain snatching on foot near market was registered in Shivamogga. Incident occurred around 02:01. A blunt object was reportedly involved. Current status: chargesheet filed.,LOC-56d22747,standard
KA-2025-00027,FIR/2025/2832,2025-11-17,two-wheeler theft from parking area,blunt object,chargesheet filed,Hubballi-Dharwad ನಲ್ಲಿ 08:49 ಸಮಯದಲ್ಲಿ ಪಾರ್ಕಿಂಗ್ ಪ್ರದೇಶದಿಂದ ದ್ವಿಚಕ್ರ ವಾಹನ ಕಳ್ಳತನ ಪ್ರಕರಣ ವರದಿಯಾಗಿದೆ. ಪ್ರಕರಣದ ಸ್ಥಿತಿ: ಆರೋಪಪಟ್ಟಿ ಸಲ್ಲಿಕೆಯಾಗಿದೆ.,A case of two-wheeler theft from parking area was registered in Hubballi-Dharwad. Incident occurred around 08:49. A blunt object was reportedly involved. Current status: chargesheet filed.,LOC-4e14b28c,standard
KA-2024-00028,FIR/2024/6974,2024-07-16,cyber fraud via fake job offer,knife,pending forensic report,"Mangaluru ಪ್ರದೇಶದಲ್ಲಿ ನಕಲಿ ಉದ್ಯೋಗ ನೀಡಿಕೆ ಮೂಲಕ ಸೈಬರ್ ವಂಚನೆ ಘಟನೆ ವರದಿಯಾಗಿದ್ದು, ಸಮಯ ಸುಮಾರು 23:30. ಪ್ರಸ್ತುತ ಸ್ಥಿತಿ: ವಿಧಿವಿಜ್ಞಾನ ವರದಿ ಬಾಕಿ.",Complainant reported a cyber fraud via fake job offer at approximately 23:30 in Mangaluru. A knife was reportedly involved. Case status: pending forensic report.,LOC-dcf6fdc2,standard
KA-2024-00029,FIR/2024/3900,2024-08-28,residential break-in via forced door lock,blunt object,pending forensic report,Kalaburagi ನಲ್ಲಿ 02:09 ಸಮಯದಲ್ಲಿ ಬಾಗಿಲಿನ ಬೀಗ ಮುರಿದು ಮನೆ ಕಳ್ಳತನ ಪ್ರಕರಣ ವರದಿಯಾಗಿದೆ. ಪ್ರಕರಣದ ಸ್ಥಿತಿ: ವಿಧಿವಿಜ್ಞಾನ ವರದಿ ಬಾಕಿ.,Complainant reported a residential break-in via forced door lock at approximately 02:09 in Kalaburagi. A blunt object was reportedly involved. Case status: pending forensic report.,LOC-72cf862a,standard
KA-2024-00030,FIR/2024/1634,2024-09-04,ATM tampering attempt,knife,closed,"Mangaluru ಪ್ರದೇಶದಲ್ಲಿ ಎಟಿಎಂ ಕುತಂತ್ರ ಪ್ರಯತ್ನ ಘಟನೆ ವರದಿಯಾಗಿದ್ದು, ಸಮಯ ಸುಮಾರು 07:19. ಪ್ರಸ್ತುತ ಸ್ಥಿತಿ: ಪ್ರಕರಣ ಮುಕ್ತಾಯ.",Complainant reported a ATM tampering attempt at approximately 07:19 in Mangaluru. A knife was reportedly involved. Case status: closed.,LOC-97a56ecd,standard
KA-2024-00031,FIR/2024/6378,2024-02-06,chain snatching using two-wheeler,knife,chargesheet filed,"Belagavi ಪ್ರದೇಶದಲ್ಲಿ ದ್ವಿಚಕ್ರ ವಾಹನ ಬಳಸಿ ಸರಗಳ್ಳತನ ಘಟನೆ ವರದಿಯಾಗಿದ್ದು, ಸಮಯ ಸುಮಾರು 18:16. ಪ್ರಸ್ತುತ ಸ್ಥಿತಿ: ಆರೋಪಪಟ್ಟಿ ಸಲ್ಲಿಕೆಯಾಗಿದೆ.",Complainant reported a chain snatching using two-wheeler at approximately 18:16 in Belagavi. A knife was reportedly involved. Case status: chargesheet filed.,LOC-e167733d,standard
KA-2024-00032,FIR/2024/5349,2024-06-28,cyber fraud via phishing call,blunt object,under investigation,Hubballi-Dharwad ನಲ್ಲಿ 04:15 ಸಮಯದಲ್ಲಿ ಫಿಶಿಂಗ್ ಕರೆ ಮೂಲಕ ಸೈಬರ್ ವಂಚನೆ ಪ್ರಕರಣ ವರದಿಯಾಗಿದೆ. ಪ್ರಕರಣದ ಸ್ಥಿತಿ: ತನಿಖೆ ಹಂತದಲ್ಲಿ.,A case of cyber fraud via phishing call was registered in Hubballi-Dharwad. Incident occurred around 04:15. A blunt object was reportedly involved. Current status: under investigation.,LOC-fcc578a4,restricted
KA-2026-00033,FIR/2026/1727,2026-06-14,ATM tampering attempt,none,pending forensic report,"Ballari ಪ್ರದೇಶದಲ್ಲಿ ಎಟಿಎಂ ಕುತಂತ್ರ ಪ್ರಯತ್ನ ಘಟನೆ ವರದಿಯಾಗಿದ್ದು, ಸಮಯ ಸುಮಾರು 16:45. ಪ್ರಸ್ತುತ ಸ್ಥಿತಿ: ವಿಧಿವಿಜ್ಞಾನ ವರದಿ ಬಾಕಿ.",Complainant reported a ATM tampering attempt at approximately 16:45 in Ballari. No weapon was involved. Case status: pending forensic report.,LOC-e1b15159,standard
KA-2024-00034,FIR/2024/3041,2024-04-18,chain snatching on foot near market,blunt object,pending forensic report,"Shivamogga ಪ್ರದೇಶದಲ್ಲಿ ಮಾರುಕಟ್ಟೆ ಬಳಿ ನಡೆದುಕೊಂಡು ಸರಗಳ್ಳತನ ಘಟನೆ ವರದಿಯಾಗಿದ್ದು, ಸಮಯ ಸುಮಾರು 16:48. ಪ್ರಸ್ತುತ ಸ್ಥಿತಿ: ವಿಧಿವಿಜ್ಞಾನ ವರದಿ ಬಾಕಿ.",A case of chain snatching on foot near market was registered in Shivamogga. Incident occurred around 16:48. A blunt object was reportedly involved. Current status: pending forensic report.,LOC-c21c2fe1,standard
KA-2024-00035,FIR/2024/3851,2024-10-25,ATM tampering attempt,blunt object,chargesheet filed,"Shivamogga ಪ್ರದೇಶದಲ್ಲಿ ಎಟಿಎಂ ಕುತಂತ್ರ ಪ್ರಯತ್ನ ಘಟನೆ ವರದಿಯಾಗಿದ್ದು, ಸಮಯ ಸುಮಾರು 00:19. ಪ್ರಸ್ತುತ ಸ್ಥಿತಿ: ಆರೋಪಪಟ್ಟಿ ಸಲ್ಲಿಕೆಯಾಗಿದೆ.",A case of ATM tampering attempt was registered in Shivamogga. Incident occurred around 00:19. A blunt object was reportedly involved. Current status: chargesheet filed.,LOC-c21c2fe1,standard
KA-2026-00036,FIR/2026/8238,2026-06-19,chain snatching using two-wheeler,knife,pending forensic report,"Ballari ಪ್ರದೇಶದಲ್ಲಿ ದ್ವಿಚಕ್ರ ವಾಹನ ಬಳಸಿ ಸರಗಳ್ಳತನ ಘಟನೆ ವರದಿಯಾಗಿದ್ದು, ಸಮಯ ಸುಮಾರು 23:23. ಪ್ರಸ್ತುತ ಸ್ಥಿತಿ: ವಿಧಿವಿಜ್ಞಾನ ವರದಿ ಬಾಕಿ.",A case of chain snatching using two-wheeler was registered in Ballari. Incident occurred around 23:23. A knife was reportedly involved. Current status: pending forensic report.,LOC-d4a508e1,standard
KA-2026-00037,FIR/2026/4848,2026-03-11,two-wheeler theft from parking area,none,closed,Shivamogga ನಲ್ಲಿ 17:26 ಸಮಯದಲ್ಲಿ ಪಾರ್ಕಿಂಗ್ ಪ್ರದೇಶದಿಂದ ದ್ವಿಚಕ್ರ ವಾಹನ ಕಳ್ಳತನ ಪ್ರಕರಣ ವರದಿಯಾಗಿದೆ. ಪ್ರಕರಣದ ಸ್ಥಿತಿ: ಪ್ರಕರಣ ಮುಕ್ತಾಯ.,A case of two-wheeler theft from parking area was registered in Shivamogga. Incident occurred around 17:26. No weapon was involved. Current status: closed.,LOC-c5bc5f46,standard
KA-2025-00038,FIR/2025/9099,2025-10-05,pickpocketing in crowded transit area,none,pending forensic report,"Belagavi ಪ್ರದೇಶದಲ್ಲಿ ಜನನಿಬಿಡ ಸ್ಥಳದಲ್ಲಿ ಜೇಬುಗಳ್ಳತನ ಘಟನೆ ವರದಿಯಾಗಿದ್ದು, ಸಮಯ ಸುಮಾರು 19:28. ಪ್ರಸ್ತುತ ಸ್ಥಿತಿ: ವಿಧಿವಿಜ್ಞಾನ ವರದಿ ಬಾಕಿ.",Complainant reported a pickpocketing in crowded transit area at approximately 19:28 in Belagavi. No weapon was involved. Case status: pending forensic report.,LOC-47cf4138,standard
KA-2024-00039,FIR/2024/5082,2024-09-30,residential break-in via forced door lock,none (cyber/no physical weapon),chargesheet filed,Bengaluru Urban ನಲ್ಲಿ 05:31 ಸಮಯದಲ್ಲಿ ಬಾಗಿಲಿನ ಬೀಗ ಮುರಿದು ಮನೆ ಕಳ್ಳತನ ಪ್ರಕರಣ ವರದಿಯಾಗಿದೆ. ಪ್ರಕರಣದ ಸ್ಥಿತಿ: ಆರೋಪಪಟ್ಟಿ ಸಲ್ಲಿಕೆಯಾಗಿದೆ.,A case of residential break-in via forced door lock was registered in Bengaluru Urban. Incident occurred around 05:31. No weapon was involved. Current status: chargesheet filed.,LOC-f22e7bd7,standard
KA-2026-00040,FIR/2026/3607,2026-02-23,cyber fraud via phishing call,blunt object,pending forensic report,"Tumakuru ಪ್ರದೇಶದಲ್ಲಿ ಫಿಶಿಂಗ್ ಕರೆ ಮೂಲಕ ಸೈಬರ್ ವಂಚನೆ ಘಟನೆ ವರದಿಯಾಗಿದ್ದು, ಸಮಯ ಸುಮಾರು 03:29. ಪ್ರಸ್ತುತ ಸ್ಥಿತಿ: ವಿಧಿವಿಜ್ಞಾನ ವರದಿ ಬಾಕಿ.",A case of cyber fraud via phishing call was registered in Tumakuru. Incident occurred around 03:29. A blunt object was reportedly involved. Current status: pending forensic report.,LOC-fac8511a,standard
KA-2025-00041,FIR/2025/5681,2025-03-02,chain snatching using two-wheeler,none (cyber/no physical weapon),chargesheet filed,Tumakuru ನಲ್ಲಿ 13:44 ಸಮಯದಲ್ಲಿ ದ್ವಿಚಕ್ರ ವಾಹನ ಬಳಸಿ ಸರಗಳ್ಳತನ ಪ್ರಕರಣ ವರದಿಯಾಗಿದೆ. ಪ್ರಕರಣದ ಸ್ಥಿತಿ: ಆರೋಪಪಟ್ಟಿ ಸಲ್ಲಿಕೆಯಾಗಿದೆ.,A case of chain snatching using two-wheeler was registered in Tumakuru. Incident occurred around 13:44. No weapon was involved. Current status: chargesheet filed.,LOC-659c63f0,standard
KA-2024-00042,FIR/2024/7797,2024-08-25,two-wheeler theft from parking area,knife,pending forensic report,Kalaburagi ನಲ್ಲಿ 08:59 ಸಮಯದಲ್ಲಿ ಪಾರ್ಕಿಂಗ್ ಪ್ರದೇಶದಿಂದ ದ್ವಿಚಕ್ರ ವಾಹನ ಕಳ್ಳತನ ಪ್ರಕರಣ ವರದಿಯಾಗಿದೆ. ಪ್ರಕರಣದ ಸ್ಥಿತಿ: ವಿಧಿವಿಜ್ಞಾನ ವರದಿ ಬಾಕಿ.,Complainant reported a two-wheeler theft from parking area at approximately 08:59 in Kalaburagi. A knife was reportedly involved. Case status: pending forensic report.,LOC-155f4b8b,standard
KA-2026-00043,FIR/2026/1096,2026-06-13,ATM tampering attempt,none (cyber/no physical weapon),under investigation,"Tumakuru ಪ್ರದೇಶದಲ್ಲಿ ಎಟಿಎಂ ಕುತಂತ್ರ ಪ್ರಯತ್ನ ಘಟನೆ ವರದಿಯಾಗಿದ್ದು, ಸಮಯ ಸುಮಾರು 07:17. ಪ್ರಸ್ತುತ ಸ್ಥಿತಿ: ತನಿಖೆ ಹಂತದಲ್ಲಿ.",A case of ATM tampering attempt was registered in Tumakuru. Incident occurred around 07:17. No weapon was involved. Current status: under investigation.,LOC-debddecb,standard
KA-2024-00044,FIR/2024/8956,2024-12-06,ATM tampering attempt,knife,pending forensic report,"Ballari ಪ್ರದೇಶದಲ್ಲಿ ಎಟಿಎಂ ಕುತಂತ್ರ ಪ್ರಯತ್ನ ಘಟನೆ ವರದಿಯಾಗಿದ್ದು, ಸಮಯ ಸುಮಾರು 20:37. ಪ್ರಸ್ತುತ ಸ್ಥಿತಿ: ವಿಧಿವಿಜ್ಞಾನ ವರದಿ ಬಾಕಿ.",A case of ATM tampering attempt was registered in Ballari. Incident occurred around 20:37. A knife was reportedly involved. Current status: pending forensic report.,LOC-42b2061e,restricted
KA-2026-00045,FIR/2026/8022,2026-05-26,two-wheeler theft from parking area,none,pending forensic report,Ballari ನಲ್ಲಿ 18:03 ಸಮಯದಲ್ಲಿ ಪಾರ್ಕಿಂಗ್ ಪ್ರದೇಶದಿಂದ ದ್ವಿಚಕ್ರ ವಾಹನ ಕಳ್ಳತನ ಪ್ರಕರಣ ವರದಿಯಾಗಿದೆ. ಪ್ರಕರಣದ ಸ್ಥಿತಿ: ವಿಧಿವಿಜ್ಞಾನ ವರದಿ ಬಾಕಿ.,Complainant reported a two-wheeler theft from parking area at approximately 18:03 in Ballari. No weapon was involved. Case status: pending forensic report.,LOC-17217a9c,standard
KA-2025-00046,FIR/2025/7906,2025-06-08,chain snatching on foot near market,none (cyber/no physical weapon),closed,"Mangaluru ಪ್ರದೇಶದಲ್ಲಿ ಮಾರುಕಟ್ಟೆ ಬಳಿ ನಡೆದುಕೊಂಡು ಸರಗಳ್ಳತನ ಘಟನೆ ವರದಿಯಾಗಿದ್ದು, ಸಮಯ ಸುಮಾರು 06:55. ಪ್ರಸ್ತುತ ಸ್ಥಿತಿ: ಪ್ರಕರಣ ಮುಕ್ತಾಯ.",A case of chain snatching on foot near market was registered in Mangaluru. Incident occurred around 06:55. No weapon was involved. Current status: closed.,LOC-ca21c162,standard
KA-2024-00047,FIR/2024/4266,2024-03-03,shop burglary after business hours,knife,under investigation,Tumakuru ನಲ್ಲಿ 12:55 ಸಮಯದಲ್ಲಿ ವ್ಯಾಪಾರದ ಸಮಯದ ನಂತರ ಅಂಗಡಿ ಕಳ್ಳತನ ಪ್ರಕರಣ ವರದಿಯಾಗಿದೆ. ಪ್ರಕರಣದ ಸ್ಥಿತಿ: ತನಿಖೆ ಹಂತದಲ್ಲಿ.,Complainant reported a shop burglary after business hours at approximately 12:55 in Tumakuru. A knife was reportedly involved. Case status: under investigation.,LOC-57e7bc17,standard
KA-2025-00048,FIR/2025/2876,2025-02-02,residential break-in via forced door lock,knife,pending forensic report,Mangaluru ನಲ್ಲಿ 01:27 ಸಮಯದಲ್ಲಿ ಬಾಗಿಲಿನ ಬೀಗ ಮುರಿದು ಮನೆ ಕಳ್ಳತನ ಪ್ರಕರಣ ವರದಿಯಾಗಿದೆ. ಪ್ರಕರಣದ ಸ್ಥಿತಿ: ವಿಧಿವಿಜ್ಞಾನ ವರದಿ ಬಾಕಿ.,A case of residential break-in via forced door lock was registered in Mangaluru. Incident occurred around 01:27. A knife was reportedly involved. Current status: pending forensic report.,LOC-17e5ffff,standard
KA-2024-00049,FIR/2024/2669,2024-11-04,chain snatching using two-wheeler,none (cyber/no physical weapon),pending forensic report,Hubballi-Dharwad ನಲ್ಲಿ 02:16 ಸಮಯದಲ್ಲಿ ದ್ವಿಚಕ್ರ ವಾಹನ ಬಳಸಿ ಸರಗಳ್ಳತನ ಪ್ರಕರಣ ವರದಿಯಾಗಿದೆ. ಪ್ರಕರಣದ ಸ್ಥಿತಿ: ವಿಧಿವಿಜ್ಞಾನ ವರದಿ ಬಾಕಿ.,Complainant reported a chain snatching using two-wheeler at approximately 02:16 in Hubballi-Dharwad. No weapon was involved. Case status: pending forensic report.,LOC-abab2dbf,standard
KA-2026-00050,FIR/2026/2129,2026-04-07,cyber fraud via fake job offer,none,closed,"Davanagere ಪ್ರದೇಶದಲ್ಲಿ ನಕಲಿ ಉದ್ಯೋಗ ನೀಡಿಕೆ ಮೂಲಕ ಸೈಬರ್ ವಂಚನೆ ಘಟನೆ ವರದಿಯಾಗಿದ್ದು, ಸಮಯ ಸುಮಾರು 14:10. ಪ್ರಸ್ತುತ ಸ್ಥಿತಿ: ಪ್ರಕರಣ ಮುಕ್ತಾಯ.",A case of cyber fraud via fake job offer was registered in Davanagere. Incident occurred around 14:10. No weapon was involved. Current status: closed.,LOC-e3555bc1,standard
KA-2025-00051,FIR/2025/3885,2025-12-15,residential break-in via forced door lock,none (cyber/no physical weapon),closed,"Bengaluru Urban ಪ್ರದೇಶದಲ್ಲಿ ಬಾಗಿಲಿನ ಬೀಗ ಮುರಿದು ಮನೆ ಕಳ್ಳತನ ಘಟನೆ ವರದಿಯಾಗಿದ್ದು, ಸಮಯ ಸುಮಾರು 04:19. ಪ್ರಸ್ತುತ ಸ್ಥಿತಿ: ಪ್ರಕರಣ ಮುಕ್ತಾಯ.",Complainant reported a residential break-in via forced door lock at approximately 04:19 in Bengaluru Urban. No weapon was involved. Case status: closed.,LOC-e698308f,standard
KA-2025-00052,FIR/2025/2419,2025-02-20,pickpocketing in crowded transit area,none (cyber/no physical weapon),pending forensic report,Hubballi-Dharwad ನಲ್ಲಿ 22:30 ಸಮಯದಲ್ಲಿ ಜನನಿಬಿಡ ಸ್ಥಳದಲ್ಲಿ ಜೇಬುಗಳ್ಳತನ ಪ್ರಕರಣ ವರದಿಯಾಗಿದೆ. ಪ್ರಕರಣದ ಸ್ಥಿತಿ: ವಿಧಿವಿಜ್ಞಾನ ವರದಿ ಬಾಕಿ.,A case of pickpocketing in crowded transit area was registered in Hubballi-Dharwad. Incident occurred around 22:30. No weapon was involved. Current status: pending forensic report.,LOC-c76be2fe,standard
KA-2026-00053,FIR/2026/8988,2026-02-06,ATM tampering attempt,blunt object,under investigation,Belagavi ನಲ್ಲಿ 21:04 ಸಮಯದಲ್ಲಿ ಎಟಿಎಂ ಕುತಂತ್ರ ಪ್ರಯತ್ನ ಪ್ರಕರಣ ವರದಿಯಾಗಿದೆ. ಪ್ರಕರಣದ ಸ್ಥಿತಿ: ತನಿಖೆ ಹಂತದಲ್ಲಿ.,A case of ATM tampering attempt was registered in Belagavi. Incident occurred around 21:04. A blunt object was reportedly involved. Current status: under investigation.,LOC-1e18bcd6,standard
KA-2024-00054,FIR/2024/9004,2024-05-12,chain snatching using two-wheeler,none,chargesheet filed,"Kalaburagi ಪ್ರದೇಶದಲ್ಲಿ ದ್ವಿಚಕ್ರ ವಾಹನ ಬಳಸಿ ಸರಗಳ್ಳತನ ಘಟನೆ ವರದಿಯಾಗಿದ್ದು, ಸಮಯ ಸುಮಾರು 23:52. ಪ್ರಸ್ತುತ ಸ್ಥಿತಿ: ಆರೋಪಪಟ್ಟಿ ಸಲ್ಲಿಕೆಯಾಗಿದೆ.",Complainant reported a chain snatching using two-wheeler at approximately 23:52 in Kalaburagi. No weapon was involved. Case status: chargesheet filed.,LOC-7cbdccba,standard
KA-2024-00055,FIR/2024/6016,2024-12-10,residential break-in via rear window,none,closed,Tumakuru ನಲ್ಲಿ 05:42 ಸಮಯದಲ್ಲಿ ಹಿಂಬದಿ ಕಿಟಕಿಯ ಮೂಲಕ ಮನೆ ಕಳ್ಳತನ ಪ್ರಕರಣ ವರದಿಯಾಗಿದೆ. ಪ್ರಕರಣದ ಸ್ಥಿತಿ: ಪ್ರಕರಣ ಮುಕ್ತಾಯ.,A case of residential break-in via rear window was registered in Tumakuru. Incident occurred around 05:42. No weapon was involved. Current status: closed.,LOC-659c63f0,standard
KA-2025-00056,FIR/2025/5118,2025-12-05,cyber fraud via phishing call,blunt object,closed,"Tumakuru ಪ್ರದೇಶದಲ್ಲಿ ಫಿಶಿಂಗ್ ಕರೆ ಮೂಲಕ ಸೈಬರ್ ವಂಚನೆ ಘಟನೆ ವರದಿಯಾಗಿದ್ದು, ಸಮಯ ಸುಮಾರು 20:50. ಪ್ರಸ್ತುತ ಸ್ಥಿತಿ: ಪ್ರಕರಣ ಮುಕ್ತಾಯ.",A case of cyber fraud via phishing call was registered in Tumakuru. Incident occurred around 20:50. A blunt object was reportedly involved. Current status: closed.,LOC-27afb41e,standard
KA-2026-00057,FIR/2026/2647,2026-01-22,two-wheeler theft from parking area,knife,chargesheet filed,"Belagavi ಪ್ರದೇಶದಲ್ಲಿ ಪಾರ್ಕಿಂಗ್ ಪ್ರದೇಶದಿಂದ ದ್ವಿಚಕ್ರ ವಾಹನ ಕಳ್ಳತನ ಘಟನೆ ವರದಿಯಾಗಿದ್ದು, ಸಮಯ ಸುಮಾರು 04:13. ಪ್ರಸ್ತುತ ಸ್ಥಿತಿ: ಆರೋಪಪಟ್ಟಿ ಸಲ್ಲಿಕೆಯಾಗಿದೆ.",A case of two-wheeler theft from parking area was registered in Belagavi. Incident occurred around 04:13. A knife was reportedly involved. Current status: chargesheet filed.,LOC-1e18bcd6,standard
KA-2024-00058,FIR/2024/3068,2024-03-11,cyber fraud via phishing call,knife,closed,"Belagavi ಪ್ರದೇಶದಲ್ಲಿ ಫಿಶಿಂಗ್ ಕರೆ ಮೂಲಕ ಸೈಬರ್ ವಂಚನೆ ಘಟನೆ ವರದಿಯಾಗಿದ್ದು, ಸಮಯ ಸುಮಾರು 16:56. ಪ್ರಸ್ತುತ ಸ್ಥಿತಿ: ಪ್ರಕರಣ ಮುಕ್ತಾಯ.",Complainant reported a cyber fraud via phishing call at approximately 16:56 in Belagavi. A knife was reportedly involved. Case status: closed.,LOC-8abc449f,standard
KA-2025-00059,FIR/2025/5136,2025-06-13,pickpocketing in crowded transit area,none (cyber/no physical weapon),pending forensic report,Mysuru ನಲ್ಲಿ 06:26 ಸಮಯದಲ್ಲಿ ಜನನಿಬಿಡ ಸ್ಥಳದಲ್ಲಿ ಜೇಬುಗಳ್ಳತನ ಪ್ರಕರಣ ವರದಿಯಾಗಿದೆ. ಪ್ರಕರಣದ ಸ್ಥಿತಿ: ವಿಧಿವಿಜ್ಞಾನ ವರದಿ ಬಾಕಿ.,Complainant reported a pickpocketing in crowded transit area at approximately 06:26 in Mysuru. No weapon was involved. Case status: pending forensic report.,LOC-293993da,standard
KA-2024-00060,FIR/2024/5066,2024-08-19,residential break-in via forced door lock,none,chargesheet filed,Mysuru ನಲ್ಲಿ 18:29 ಸಮಯದಲ್ಲಿ ಬಾಗಿಲಿನ ಬೀಗ ಮುರಿದು ಮನೆ ಕಳ್ಳತನ ಪ್ರಕರಣ ವರದಿಯಾಗಿದೆ. ಪ್ರಕರಣದ ಸ್ಥಿತಿ: ಆರೋಪಪಟ್ಟಿ ಸಲ್ಲಿಕೆಯಾಗಿದೆ.,A case of residential break-in via forced door lock was registered in Mysuru. Incident occurred around 18:29. No weapon was involved. Current status: chargesheet filed.,LOC-c8e888c0,standard
KA-2025-00061,FIR/2025/6003,2025-11-18,cyber fraud via phishing call,none (cyber/no physical weapon),pending forensic report,"Davanagere ಪ್ರದೇಶದಲ್ಲಿ ಫಿಶಿಂಗ್ ಕರೆ ಮೂಲಕ ಸೈಬರ್ ವಂಚನೆ ಘಟನೆ ವರದಿಯಾಗಿದ್ದು, ಸಮಯ ಸುಮಾರು 17:50. ಪ್ರಸ್ತುತ ಸ್ಥಿತಿ: ವಿಧಿವಿಜ್ಞಾನ ವರದಿ ಬಾಕಿ.",A case of cyber fraud via phishing call was registered in Davanagere. Incident occurred around 17:50. No weapon was involved. Current status: pending forensic report.,LOC-e917dece,standard
KA-2024-00062,FIR/2024/3847,2024-05-06,chain snatching on foot near market,knife,closed,Davanagere ನಲ್ಲಿ 02:53 ಸಮಯದಲ್ಲಿ ಮಾರುಕಟ್ಟೆ ಬಳಿ ನಡೆದುಕೊಂಡು ಸರಗಳ್ಳತನ ಪ್ರಕರಣ ವರದಿಯಾಗಿದೆ. ಪ್ರಕರಣದ ಸ್ಥಿತಿ: ಪ್ರಕರಣ ಮುಕ್ತಾಯ.,Complainant reported a chain snatching on foot near market at approximately 02:53 in Davanagere. A knife was reportedly involved. Case status: closed.,LOC-a7db6519,standard
KA-2024-00063,FIR/2024/8438,2024-12-25,pickpocketing in crowded transit area,blunt object,under investigation,"Bengaluru Urban ಪ್ರದೇಶದಲ್ಲಿ ಜನನಿಬಿಡ ಸ್ಥಳದಲ್ಲಿ ಜೇಬುಗಳ್ಳತನ ಘಟನೆ ವರದಿಯಾಗಿದ್ದು, ಸಮಯ ಸುಮಾರು 14:03. ಪ್ರಸ್ತುತ ಸ್ಥಿತಿ: ತನಿಖೆ ಹಂತದಲ್ಲಿ.",A case of pickpocketing in crowded transit area was registered in Bengaluru Urban. Incident occurred around 14:03. A blunt object was reportedly involved. Current status: under investigation.,LOC-a1b34319,standard
KA-2026-00064,FIR/2026/5352,2026-04-25,chain snatching on foot near market,none (cyber/no physical weapon),under investigation,Hubballi-Dharwad ನಲ್ಲಿ 22:45 ಸಮಯದಲ್ಲಿ ಮಾರುಕಟ್ಟೆ ಬಳಿ ನಡೆದುಕೊಂಡು ಸರಗಳ್ಳತನ ಪ್ರಕರಣ ವರದಿಯಾಗಿದೆ. ಪ್ರಕರಣದ ಸ್ಥಿತಿ: ತನಿಖೆ ಹಂತದಲ್ಲಿ.,Complainant reported a chain snatching on foot near market at approximately 22:45 in Hubballi-Dharwad. No weapon was involved. Case status: under investigation.,LOC-026f7c02,standard
KA-2024-00065,FIR/2024/7594,2024-07-12,cyber fraud via fake job offer,blunt object,pending forensic report,"Bengaluru Urban ಪ್ರದೇಶದಲ್ಲಿ ನಕಲಿ ಉದ್ಯೋಗ ನೀಡಿಕೆ ಮೂಲಕ ಸೈಬರ್ ವಂಚನೆ ಘಟನೆ ವರದಿಯಾಗಿದ್ದು, ಸಮಯ ಸುಮಾರು 04:14. ಪ್ರಸ್ತುತ ಸ್ಥಿತಿ: ವಿಧಿವಿಜ್ಞಾನ ವರದಿ ಬಾಕಿ.",A case of cyber fraud via fake job offer was registered in Bengaluru Urban. Incident occurred around 04:14. A blunt object was reportedly involved. Current status: pending forensic report.,LOC-50abd51f,standard
KA-2025-00066,FIR/2025/4750,2025-01-23,residential break-in via rear window,none (cyber/no physical weapon),closed,Shivamogga ನಲ್ಲಿ 22:23 ಸಮಯದಲ್ಲಿ ಹಿಂಬದಿ ಕಿಟಕಿಯ ಮೂಲಕ ಮನೆ ಕಳ್ಳತನ ಪ್ರಕರಣ ವರದಿಯಾಗಿದೆ. ಪ್ರಕರಣದ ಸ್ಥಿತಿ: ಪ್ರಕರಣ ಮುಕ್ತಾಯ.,Complainant reported a residential break-in via rear window at approximately 22:23 in Shivamogga. No weapon was involved. Case status: closed.,LOC-ebf2e9db,standard
KA-2025-00067,FIR/2025/3973,2025-12-31,chain snatching using two-wheeler,none,chargesheet filed,"Davanagere ಪ್ರದೇಶದಲ್ಲಿ ದ್ವಿಚಕ್ರ ವಾಹನ ಬಳಸಿ ಸರಗಳ್ಳತನ ಘಟನೆ ವರದಿಯಾಗಿದ್ದು, ಸಮಯ ಸುಮಾರು 21:32. ಪ್ರಸ್ತುತ ಸ್ಥಿತಿ: ಆರೋಪಪಟ್ಟಿ ಸಲ್ಲಿಕೆಯಾಗಿದೆ.",A case of chain snatching using two-wheeler was registered in Davanagere. Incident occurred around 21:32. No weapon was involved. Current status: chargesheet filed.,LOC-1961fc6f,standard
KA-2024-00068,FIR/2024/7744,2024-06-11,ATM tampering attempt,blunt object,closed,"Tumakuru ಪ್ರದೇಶದಲ್ಲಿ ಎಟಿಎಂ ಕುತಂತ್ರ ಪ್ರಯತ್ನ ಘಟನೆ ವರದಿಯಾಗಿದ್ದು, ಸಮಯ ಸುಮಾರು 11:45. ಪ್ರಸ್ತುತ ಸ್ಥಿತಿ: ಪ್ರಕರಣ ಮುಕ್ತಾಯ.",Complainant reported a ATM tampering attempt at approximately 11:45 in Tumakuru. A blunt object was reportedly involved. Case status: closed.,LOC-debddecb,standard
KA-2025-00069,FIR/2025/7622,2025-01-27,pickpocketing in crowded transit area,none,closed,Ballari ನಲ್ಲಿ 02:06 ಸಮಯದಲ್ಲಿ ಜನನಿಬಿಡ ಸ್ಥಳದಲ್ಲಿ ಜೇಬುಗಳ್ಳತನ ಪ್ರಕರಣ ವರದಿಯಾಗಿದೆ. ಪ್ರಕರಣದ ಸ್ಥಿತಿ: ಪ್ರಕರಣ ಮುಕ್ತಾಯ.,A case of pickpocketing in crowded transit area was registered in Ballari. Incident occurred around 02:06. No weapon was involved. Current status: closed.,LOC-e1b15159,standard
KA-2025-00070,FIR/2025/5375,2025-11-17,cyber fraud via phishing call,blunt object,pending forensic report,Shivamogga ನಲ್ಲಿ 16:28 ಸಮಯದಲ್ಲಿ ಫಿಶಿಂಗ್ ಕರೆ ಮೂಲಕ ಸೈಬರ್ ವಂಚನೆ ಪ್ರಕರಣ ವರದಿಯಾಗಿದೆ. ಪ್ರಕರಣದ ಸ್ಥಿತಿ: ವಿಧಿವಿಜ್ಞಾನ ವರದಿ ಬಾಕಿ.,Complainant reported a cyber fraud via phishing call at approximately 16:28 in Shivamogga. A blunt object was reportedly involved. Case status: pending forensic report.,LOC-c21c2fe1,standard
KA-2025-00071,FIR/2025/2527,2025-04-27,residential break-in via rear window,knife,chargesheet filed,"Tumakuru ಪ್ರದೇಶದಲ್ಲಿ ಹಿಂಬದಿ ಕಿಟಕಿಯ ಮೂಲಕ ಮನೆ ಕಳ್ಳತನ ಘಟನೆ ವರದಿಯಾಗಿದ್ದು, ಸಮಯ ಸುಮಾರು 17:36. ಪ್ರಸ್ತುತ ಸ್ಥಿತಿ: ಆರೋಪಪಟ್ಟಿ ಸಲ್ಲಿಕೆಯಾಗಿದೆ.",Complainant reported a residential break-in via rear window at approximately 17:36 in Tumakuru. A knife was reportedly involved. Case status: chargesheet filed.,LOC-8bebebb4,standard
KA-2026-00072,FIR/2026/8905,2026-03-01,two-wheeler theft from parking area,none (cyber/no physical weapon),closed,"Tumakuru ಪ್ರದೇಶದಲ್ಲಿ ಪಾರ್ಕಿಂಗ್ ಪ್ರದೇಶದಿಂದ ದ್ವಿಚಕ್ರ ವಾಹನ ಕಳ್ಳತನ ಘಟನೆ ವರದಿಯಾಗಿದ್ದು, ಸಮಯ ಸುಮಾರು 12:07. ಪ್ರಸ್ತುತ ಸ್ಥಿತಿ: ಪ್ರಕರಣ ಮುಕ್ತಾಯ.",A case of two-wheeler theft from parking area was registered in Tumakuru. Incident occurred around 12:07. No weapon was involved. Current status: closed.,LOC-967b3156,standard
KA-2025-00073,FIR/2025/9318,2025-03-05,cyber fraud via fake job offer,knife,under investigation,"Tumakuru ಪ್ರದೇಶದಲ್ಲಿ ನಕಲಿ ಉದ್ಯೋಗ ನೀಡಿಕೆ ಮೂಲಕ ಸೈಬರ್ ವಂಚನೆ ಘಟನೆ ವರದಿಯಾಗಿದ್ದು, ಸಮಯ ಸುಮಾರು 03:14. ಪ್ರಸ್ತುತ ಸ್ಥಿತಿ: ತನಿಖೆ ಹಂತದಲ್ಲಿ.",A case of cyber fraud via fake job offer was registered in Tumakuru. Incident occurred around 03:14. A knife was reportedly involved. Current status: under investigation.,LOC-fe68a7f0,standard
KA-2025-00074,FIR/2025/6446,2025-11-24,cyber fraud via fake job offer,none (cyber/no physical weapon),chargesheet filed,"Hubballi-Dharwad ಪ್ರದೇಶದಲ್ಲಿ ನಕಲಿ ಉದ್ಯೋಗ ನೀಡಿಕೆ ಮೂಲಕ ಸೈಬರ್ ವಂಚನೆ ಘಟನೆ ವರದಿಯಾಗಿದ್ದು, ಸಮಯ ಸುಮಾರು 16:29. ಪ್ರಸ್ತುತ ಸ್ಥಿತಿ: ಆರೋಪಪಟ್ಟಿ ಸಲ್ಲಿಕೆಯಾಗಿದೆ.",A case of cyber fraud via fake job offer was registered in Hubballi-Dharwad. Incident occurred around 16:29. No weapon was involved. Current status: chargesheet filed.,LOC-2c475c2b,standard
KA-2024-00075,FIR/2024/6213,2024-12-28,chain snatching on foot near market,knife,pending forensic report,Ballari ನಲ್ಲಿ 19:50 ಸಮಯದಲ್ಲಿ ಮಾರುಕಟ್ಟೆ ಬಳಿ ನಡೆದುಕೊಂಡು ಸರಗಳ್ಳತನ ಪ್ರಕರಣ ವರದಿಯಾಗಿದೆ. ಪ್ರಕರಣದ ಸ್ಥಿತಿ: ವಿಧಿವಿಜ್ಞಾನ ವರದಿ ಬಾಕಿ.,A case of chain snatching on foot near market was registered in Ballari. Incident occurred around 19:50. A knife was reportedly involved. Current status: pending forensic report.,LOC-102cfde3,standard
KA-2024-00076,FIR/2024/8213,2024-07-15,two-wheeler theft from parking area,none (cyber/no physical weapon),under investigation,Ballari ನಲ್ಲಿ 02:48 ಸಮಯದಲ್ಲಿ ಪಾರ್ಕಿಂಗ್ ಪ್ರದೇಶದಿಂದ ದ್ವಿಚಕ್ರ ವಾಹನ ಕಳ್ಳತನ ಪ್ರಕರಣ ವರದಿಯಾಗಿದೆ. ಪ್ರಕರಣದ ಸ್ಥಿತಿ: ತನಿಖೆ ಹಂತದಲ್ಲಿ.,A case of two-wheeler theft from parking area was registered in Ballari. Incident occurred around 02:48. No weapon was involved. Current status: under investigation.,LOC-17217a9c,standard
KA-2025-00077,FIR/2025/2315,2025-02-15,two-wheeler theft from parking area,none,pending forensic report,"Bengaluru Urban ಪ್ರದೇಶದಲ್ಲಿ ಪಾರ್ಕಿಂಗ್ ಪ್ರದೇಶದಿಂದ ದ್ವಿಚಕ್ರ ವಾಹನ ಕಳ್ಳತನ ಘಟನೆ ವರದಿಯಾಗಿದ್ದು, ಸಮಯ ಸುಮಾರು 16:45. ಪ್ರಸ್ತುತ ಸ್ಥಿತಿ: ವಿಧಿವಿಜ್ಞಾನ ವರದಿ ಬಾಕಿ.",A case of two-wheeler theft from parking area was registered in Bengaluru Urban. Incident occurred around 16:45. No weapon was involved. Current status: pending forensic report.,LOC-e698308f,standard
KA-2024-00078,FIR/2024/2480,2024-12-30,pickpocketing in crowded transit area,none,under investigation,Shivamogga ನಲ್ಲಿ 16:52 ಸಮಯದಲ್ಲಿ ಜನನಿಬಿಡ ಸ್ಥಳದಲ್ಲಿ ಜೇಬುಗಳ್ಳತನ ಪ್ರಕರಣ ವರದಿಯಾಗಿದೆ. ಪ್ರಕರಣದ ಸ್ಥಿತಿ: ತನಿಖೆ ಹಂತದಲ್ಲಿ.,A case of pickpocketing in crowded transit area was registered in Shivamogga. Incident occurred around 16:52. No weapon was involved. Current status: under investigation.,LOC-355b1478,standard
KA-2024-00079,FIR/2024/7141,2024-03-28,residential break-in via rear window,none,closed,"Mysuru ಪ್ರದೇಶದಲ್ಲಿ ಹಿಂಬದಿ ಕಿಟಕಿಯ ಮೂಲಕ ಮನೆ ಕಳ್ಳತನ ಘಟನೆ ವರದಿಯಾಗಿದ್ದು, ಸಮಯ ಸುಮಾರು 04:16. ಪ್ರಸ್ತುತ ಸ್ಥಿತಿ: ಪ್ರಕರಣ ಮುಕ್ತಾಯ.",A case of residential break-in via rear window was registered in Mysuru. Incident occurred around 04:16. No weapon was involved. Current status: closed.,LOC-fa94b86e,standard
KA-2024-00080,FIR/2024/9153,2024-05-02,two-wheeler theft from parking area,knife,chargesheet filed,Shivamogga ನಲ್ಲಿ 16:09 ಸಮಯದಲ್ಲಿ ಪಾರ್ಕಿಂಗ್ ಪ್ರದೇಶದಿಂದ ದ್ವಿಚಕ್ರ ವಾಹನ ಕಳ್ಳತನ ಪ್ರಕರಣ ವರದಿಯಾಗಿದೆ. ಪ್ರಕರಣದ ಸ್ಥಿತಿ: ಆರೋಪಪಟ್ಟಿ ಸಲ್ಲಿಕೆಯಾಗಿದೆ.,A case of two-wheeler theft from parking area was registered in Shivamogga. Incident occurred around 16:09. A knife was reportedly involved. Current status: chargesheet filed.,LOC-754e9341,standard
KA-2025-00081,FIR/2025/8237,2025-03-22,chain snatching using two-wheeler,none,pending forensic report,Belagavi ನಲ್ಲಿ 19:41 ಸಮಯದಲ್ಲಿ ದ್ವಿಚಕ್ರ ವಾಹನ ಬಳಸಿ ಸರಗಳ್ಳತನ ಪ್ರಕರಣ ವರದಿಯಾಗಿದೆ. ಪ್ರಕರಣದ ಸ್ಥಿತಿ: ವಿಧಿವಿಜ್ಞಾನ ವರದಿ ಬಾಕಿ.,Complainant reported a chain snatching using two-wheeler at approximately 19:41 in Belagavi. No weapon was involved. Case status: pending forensic report.,LOC-5ba65b80,standard
KA-2024-00082,FIR/2024/2747,2024-11-05,chain snatching using two-wheeler,none (cyber/no physical weapon),closed,"Hubballi-Dharwad ಪ್ರದೇಶದಲ್ಲಿ ದ್ವಿಚಕ್ರ ವಾಹನ ಬಳಸಿ ಸರಗಳ್ಳತನ ಘಟನೆ ವರದಿಯಾಗಿದ್ದು, ಸಮಯ ಸುಮಾರು 11:20. ಪ್ರಸ್ತುತ ಸ್ಥಿತಿ: ಪ್ರಕರಣ ಮುಕ್ತಾಯ.",A case of chain snatching using two-wheeler was registered in Hubballi-Dharwad. Incident occurred around 11:20. No weapon was involved. Current status: closed.,LOC-fcc578a4,standard
KA-2025-00083,FIR/2025/9138,2025-03-02,chain snatching using two-wheeler,none,pending forensic report,Kalaburagi ನಲ್ಲಿ 09:22 ಸಮಯದಲ್ಲಿ ದ್ವಿಚಕ್ರ ವಾಹನ ಬಳಸಿ ಸರಗಳ್ಳತನ ಪ್ರಕರಣ ವರದಿಯಾಗಿದೆ. ಪ್ರಕರಣದ ಸ್ಥಿತಿ: ವಿಧಿವಿಜ್ಞಾನ ವರದಿ ಬಾಕಿ.,Complainant reported a chain snatching using two-wheeler at approximately 09:22 in Kalaburagi. No weapon was involved. Case status: pending forensic report.,LOC-01faf156,standard
KA-2024-00084,FIR/2024/8222,2024-05-30,chain snatching on foot near market,blunt object,chargesheet filed,"Belagavi ಪ್ರದೇಶದಲ್ಲಿ ಮಾರುಕಟ್ಟೆ ಬಳಿ ನಡೆದುಕೊಂಡು ಸರಗಳ್ಳತನ ಘಟನೆ ವರದಿಯಾಗಿದ್ದು, ಸಮಯ ಸುಮಾರು 22:32. ಪ್ರಸ್ತುತ ಸ್ಥಿತಿ: ಆರೋಪಪಟ್ಟಿ ಸಲ್ಲಿಕೆಯಾಗಿದೆ.",Complainant reported a chain snatching on foot near market at approximately 22:32 in Belagavi. A blunt object was reportedly involved. Case status: chargesheet filed.,LOC-9963984c,restricted
KA-2024-00085,FIR/2024/3695,2024-07-24,ATM tampering attempt,knife,chargesheet filed,"Mangaluru ಪ್ರದೇಶದಲ್ಲಿ ಎಟಿಎಂ ಕುತಂತ್ರ ಪ್ರಯತ್ನ ಘಟನೆ ವರದಿಯಾಗಿದ್ದು, ಸಮಯ ಸುಮಾರು 07:16. ಪ್ರಸ್ತುತ ಸ್ಥಿತಿ: ಆರೋಪಪಟ್ಟಿ ಸಲ್ಲಿಕೆಯಾಗಿದೆ.",A case of ATM tampering attempt was registered in Mangaluru. Incident occurred around 07:16. A knife was reportedly involved. Current status: chargesheet filed.,LOC-b2d7c0a8,standard
KA-2024-00086,FIR/2024/6992,2024-08-06,residential break-in via forced door lock,none (cyber/no physical weapon),under investigation,"Hubballi-Dharwad ಪ್ರದೇಶದಲ್ಲಿ ಬಾಗಿಲಿನ ಬೀಗ ಮುರಿದು ಮನೆ ಕಳ್ಳತನ ಘಟನೆ ವರದಿಯಾಗಿದ್ದು, ಸಮಯ ಸುಮಾರು 15:48. ಪ್ರಸ್ತುತ ಸ್ಥಿತಿ: ತನಿಖೆ ಹಂತದಲ್ಲಿ.",Complainant reported a residential break-in via forced door lock at approximately 15:48 in Hubballi-Dharwad. No weapon was involved. Case status: under investigation.,LOC-6728d136,standard
KA-2025-00087,FIR/2025/8724,2025-07-31,shop burglary after business hours,blunt object,pending forensic report,Bengaluru Urban ನಲ್ಲಿ 01:32 ಸಮಯದಲ್ಲಿ ವ್ಯಾಪಾರದ ಸಮಯದ ನಂತರ ಅಂಗಡಿ ಕಳ್ಳತನ ಪ್ರಕರಣ ವರದಿಯಾಗಿದೆ. ಪ್ರಕರಣದ ಸ್ಥಿತಿ: ವಿಧಿವಿಜ್ಞಾನ ವರದಿ ಬಾಕಿ.,Complainant reported a shop burglary after business hours at approximately 01:32 in Bengaluru Urban. A blunt object was reportedly involved. Case status: pending forensic report.,LOC-50abd51f,restricted
KA-2025-00088,FIR/2025/1742,2025-09-26,residential break-in via forced door lock,none (cyber/no physical weapon),closed,Kalaburagi ನಲ್ಲಿ 06:22 ಸಮಯದಲ್ಲಿ ಬಾಗಿಲಿನ ಬೀಗ ಮುರಿದು ಮನೆ ಕಳ್ಳತನ ಪ್ರಕರಣ ವರದಿಯಾಗಿದೆ. ಪ್ರಕರಣದ ಸ್ಥಿತಿ: ಪ್ರಕರಣ ಮುಕ್ತಾಯ.,Complainant reported a residential break-in via forced door lock at approximately 06:22 in Kalaburagi. No weapon was involved. Case status: closed.,LOC-01faf156,standard
KA-2025-00089,FIR/2025/3531,2025-12-05,cyber fraud via phishing call,knife,pending forensic report,"Tumakuru ಪ್ರದೇಶದಲ್ಲಿ ಫಿಶಿಂಗ್ ಕರೆ ಮೂಲಕ ಸೈಬರ್ ವಂಚನೆ ಘಟನೆ ವರದಿಯಾಗಿದ್ದು, ಸಮಯ ಸುಮಾರು 17:03. ಪ್ರಸ್ತುತ ಸ್ಥಿತಿ: ವಿಧಿವಿಜ್ಞಾನ ವರದಿ ಬಾಕಿ.",A case of cyber fraud via phishing call was registered in Tumakuru. Incident occurred around 17:03. A knife was reportedly involved. Current status: pending forensic report.,LOC-98c9c0d3,standard
KA-2024-00090,FIR/2024/4868,2024-12-03,chain snatching using two-wheeler,none,closed,"Mysuru ಪ್ರದೇಶದಲ್ಲಿ ದ್ವಿಚಕ್ರ ವಾಹನ ಬಳಸಿ ಸರಗಳ್ಳತನ ಘಟನೆ ವರದಿಯಾಗಿದ್ದು, ಸಮಯ ಸುಮಾರು 12:24. ಪ್ರಸ್ತುತ ಸ್ಥಿತಿ: ಪ್ರಕರಣ ಮುಕ್ತಾಯ.",A case of chain snatching using two-wheeler was registered in Mysuru. Incident occurred around 12:24. No weapon was involved. Current status: closed.,LOC-b47cff09,standard
KA-2025-00091,FIR/2025/8450,2025-03-04,shop burglary after business hours,none,pending forensic report,Kalaburagi ನಲ್ಲಿ 13:36 ಸಮಯದಲ್ಲಿ ವ್ಯಾಪಾರದ ಸಮಯದ ನಂತರ ಅಂಗಡಿ ಕಳ್ಳತನ ಪ್ರಕರಣ ವರದಿಯಾಗಿದೆ. ಪ್ರಕರಣದ ಸ್ಥಿತಿ: ವಿಧಿವಿಜ್ಞಾನ ವರದಿ ಬಾಕಿ.,Complainant reported a shop burglary after business hours at approximately 13:36 in Kalaburagi. No weapon was involved. Case status: pending forensic report.,LOC-7cbdccba,standard
KA-2026-00092,FIR/2026/4394,2026-05-27,shop burglary after business hours,knife,chargesheet filed,Davanagere ನಲ್ಲಿ 00:59 ಸಮಯದಲ್ಲಿ ವ್ಯಾಪಾರದ ಸಮಯದ ನಂತರ ಅಂಗಡಿ ಕಳ್ಳತನ ಪ್ರಕರಣ ವರದಿಯಾಗಿದೆ. ಪ್ರಕರಣದ ಸ್ಥಿತಿ: ಆರೋಪಪಟ್ಟಿ ಸಲ್ಲಿಕೆಯಾಗಿದೆ.,Complainant reported a shop burglary after business hours at approximately 00:59 in Davanagere. A knife was reportedly involved. Case status: chargesheet filed.,LOC-57b896fd,standard
KA-2024-00093,FIR/2024/3858,2024-08-12,cyber fraud via fake job offer,none,closed,"Kalaburagi ಪ್ರದೇಶದಲ್ಲಿ ನಕಲಿ ಉದ್ಯೋಗ ನೀಡಿಕೆ ಮೂಲಕ ಸೈಬರ್ ವಂಚನೆ ಘಟನೆ ವರದಿಯಾಗಿದ್ದು, ಸಮಯ ಸುಮಾರು 18:21. ಪ್ರಸ್ತುತ ಸ್ಥಿತಿ: ಪ್ರಕರಣ ಮುಕ್ತಾಯ.",Complainant reported a cyber fraud via fake job offer at approximately 18:21 in Kalaburagi. No weapon was involved. Case status: closed.,LOC-72cf862a,standard
KA-2024-00094,FIR/2024/3076,2024-09-27,chain snatching on foot near market,blunt object,under investigation,Mangaluru ನಲ್ಲಿ 16:22 ಸಮಯದಲ್ಲಿ ಮಾರುಕಟ್ಟೆ ಬಳಿ ನಡೆದುಕೊಂಡು ಸರಗಳ್ಳತನ ಪ್ರಕರಣ ವರದಿಯಾಗಿದೆ. ಪ್ರಕರಣದ ಸ್ಥಿತಿ: ತನಿಖೆ ಹಂತದಲ್ಲಿ.,A case of chain snatching on foot near market was registered in Mangaluru. Incident occurred around 16:22. A blunt object was reportedly involved. Current status: under investigation.,LOC-9173be6a,standard
KA-2026-00095,FIR/2026/9543,2026-02-21,shop burglary after business hours,none,pending forensic report,Mysuru ನಲ್ಲಿ 16:28 ಸಮಯದಲ್ಲಿ ವ್ಯಾಪಾರದ ಸಮಯದ ನಂತರ ಅಂಗಡಿ ಕಳ್ಳತನ ಪ್ರಕರಣ ವರದಿಯಾಗಿದೆ. ಪ್ರಕರಣದ ಸ್ಥಿತಿ: ವಿಧಿವಿಜ್ಞಾನ ವರದಿ ಬಾಕಿ.,Complainant reported a shop burglary after business hours at approximately 16:28 in Mysuru. No weapon was involved. Case status: pending forensic report.,LOC-723fe4c3,standard
KA-2026-00096,FIR/2026/2323,2026-01-31,ATM tampering attempt,none (cyber/no physical weapon),under investigation,Bengaluru Urban ನಲ್ಲಿ 14:32 ಸಮಯದಲ್ಲಿ ಎಟಿಎಂ ಕುತಂತ್ರ ಪ್ರಯತ್ನ ಪ್ರಕರಣ ವರದಿಯಾಗಿದೆ. ಪ್ರಕರಣದ ಸ್ಥಿತಿ: ತನಿಖೆ ಹಂತದಲ್ಲಿ.,A case of ATM tampering attempt was registered in Bengaluru Urban. Incident occurred around 14:32. No weapon was involved. Current status: under investigation.,LOC-e35ce1d9,standard
KA-2026-00097,FIR/2026/9282,2026-04-04,cyber fraud via fake job offer,blunt object,pending forensic report,"Mysuru ಪ್ರದೇಶದಲ್ಲಿ ನಕಲಿ ಉದ್ಯೋಗ ನೀಡಿಕೆ ಮೂಲಕ ಸೈಬರ್ ವಂಚನೆ ಘಟನೆ ವರದಿಯಾಗಿದ್ದು, ಸಮಯ ಸುಮಾರು 04:35. ಪ್ರಸ್ತುತ ಸ್ಥಿತಿ: ವಿಧಿವಿಜ್ಞಾನ ವರದಿ ಬಾಕಿ.",A case of cyber fraud via fake job offer was registered in Mysuru. Incident occurred around 04:35. A blunt object was reportedly involved. Current status: pending forensic report.,LOC-b47cff09,standard
KA-2025-00098,FIR/2025/6553,2025-12-02,cyber fraud via phishing call,knife,pending forensic report,"Mysuru ಪ್ರದೇಶದಲ್ಲಿ ಫಿಶಿಂಗ್ ಕರೆ ಮೂಲಕ ಸೈಬರ್ ವಂಚನೆ ಘಟನೆ ವರದಿಯಾಗಿದ್ದು, ಸಮಯ ಸುಮಾರು 11:11. ಪ್ರಸ್ತುತ ಸ್ಥಿತಿ: ವಿಧಿವಿಜ್ಞಾನ ವರದಿ ಬಾಕಿ.",Complainant reported a cyber fraud via phishing call at approximately 11:11 in Mysuru. A knife was reportedly involved. Case status: pending forensic report.,LOC-c8e888c0,standard
KA-2024-00099,FIR/2024/2494,2024-08-25,shop burglary after business hours,blunt object,closed,Ballari ನಲ್ಲಿ 02:47 ಸಮಯದಲ್ಲಿ ವ್ಯಾಪಾರದ ಸಮಯದ ನಂತರ ಅಂಗಡಿ ಕಳ್ಳತನ ಪ್ರಕರಣ ವರದಿಯಾಗಿದೆ. ಪ್ರಕರಣದ ಸ್ಥಿತಿ: ಪ್ರಕರಣ ಮುಕ್ತಾಯ.,A case of shop burglary after business hours was registered in Ballari. Incident occurred around 02:47. A blunt object was reportedly involved. Current status: closed.,LOC-692cee04,standard
KA-2024-00100,FIR/2024/7929,2024-07-08,two-wheeler theft from parking area,none,closed,"Ballari ಪ್ರದೇಶದಲ್ಲಿ ಪಾರ್ಕಿಂಗ್ ಪ್ರದೇಶದಿಂದ ದ್ವಿಚಕ್ರ ವಾಹನ ಕಳ್ಳತನ ಘಟನೆ ವರದಿಯಾಗಿದ್ದು, ಸಮಯ ಸುಮಾರು 21:06. ಪ್ರಸ್ತುತ ಸ್ಥಿತಿ: ಪ್ರಕರಣ ಮುಕ್ತಾಯ.",A case of two-wheeler theft from parking area was registered in Ballari. Incident occurred around 21:06. No weapon was involved. Current status: closed.,LOC-102cfde3,standard
KA-2024-00101,FIR/2024/2773,2024-08-28,shop burglary after business hours,none,chargesheet filed,Bengaluru Urban ನಲ್ಲಿ 08:45 ಸಮಯದಲ್ಲಿ ವ್ಯಾಪಾರದ ಸಮಯದ ನಂತರ ಅಂಗಡಿ ಕಳ್ಳತನ ಪ್ರಕರಣ ವರದಿಯಾಗಿದೆ. ಪ್ರಕರಣದ ಸ್ಥಿತಿ: ಆರೋಪಪಟ್ಟಿ ಸಲ್ಲಿಕೆಯಾಗಿದೆ.,A case of shop burglary after business hours was registered in Bengaluru Urban. Incident occurred around 08:45. No weapon was involved. Current status: chargesheet filed.,LOC-50abd51f,standard
KA-2025-00102,FIR/2025/5477,2025-02-19,chain snatching on foot near market,none (cyber/no physical weapon),under investigation,Kalaburagi ನಲ್ಲಿ 11:10 ಸಮಯದಲ್ಲಿ ಮಾರುಕಟ್ಟೆ ಬಳಿ ನಡೆದುಕೊಂಡು ಸರಗಳ್ಳತನ ಪ್ರಕರಣ ವರದಿಯಾಗಿದೆ. ಪ್ರಕರಣದ ಸ್ಥಿತಿ: ತನಿಖೆ ಹಂತದಲ್ಲಿ.,Complainant reported a chain snatching on foot near market at approximately 11:10 in Kalaburagi. No weapon was involved. Case status: under investigation.,LOC-01faf156,standard
KA-2024-00103,FIR/2024/9691,2024-08-08,two-wheeler theft from parking area,none (cyber/no physical weapon),under investigation,Kalaburagi ನಲ್ಲಿ 09:28 ಸಮಯದಲ್ಲಿ ಪಾರ್ಕಿಂಗ್ ಪ್ರದೇಶದಿಂದ ದ್ವಿಚಕ್ರ ವಾಹನ ಕಳ್ಳತನ ಪ್ರಕರಣ ವರದಿಯಾಗಿದೆ. ಪ್ರಕರಣದ ಸ್ಥಿತಿ: ತನಿಖೆ ಹಂತದಲ್ಲಿ.,Complainant reported a two-wheeler theft from parking area at approximately 09:28 in Kalaburagi. No weapon was involved. Case status: under investigation.,LOC-9186bdc2,standard
KA-2024-00104,FIR/2024/2336,2024-08-29,shop burglary after business hours,none,under investigation,Tumakuru ನಲ್ಲಿ 16:26 ಸಮಯದಲ್ಲಿ ವ್ಯಾಪಾರದ ಸಮಯದ ನಂತರ ಅಂಗಡಿ ಕಳ್ಳತನ ಪ್ರಕರಣ ವರದಿಯಾಗಿದೆ. ಪ್ರಕರಣದ ಸ್ಥಿತಿ: ತನಿಖೆ ಹಂತದಲ್ಲಿ.,Complainant reported a shop burglary after business hours at approximately 16:26 in Tumakuru. No weapon was involved. Case status: under investigation.,LOC-98c9c0d3,standard
KA-2025-00105,FIR/2025/5640,2025-06-20,chain snatching using two-wheeler,knife,under investigation,Ballari ನಲ್ಲಿ 04:58 ಸಮಯದಲ್ಲಿ ದ್ವಿಚಕ್ರ ವಾಹನ ಬಳಸಿ ಸರಗಳ್ಳತನ ಪ್ರಕರಣ ವರದಿಯಾಗಿದೆ. ಪ್ರಕರಣದ ಸ್ಥಿತಿ: ತನಿಖೆ ಹಂತದಲ್ಲಿ.,A case of chain snatching using two-wheeler was registered in Ballari. Incident occurred around 04:58. A knife was reportedly involved. Current status: under investigation.,LOC-9a45fc99,standard
KA-2024-00106,FIR/2024/4460,2024-01-12,chain snatching on foot near market,none (cyber/no physical weapon),under investigation,"Tumakuru ಪ್ರದೇಶದಲ್ಲಿ ಮಾರುಕಟ್ಟೆ ಬಳಿ ನಡೆದುಕೊಂಡು ಸರಗಳ್ಳತನ ಘಟನೆ ವರದಿಯಾಗಿದ್ದು, ಸಮಯ ಸುಮಾರು 22:35. ಪ್ರಸ್ತುತ ಸ್ಥಿತಿ: ತನಿಖೆ ಹಂತದಲ್ಲಿ.",Complainant reported a chain snatching on foot near market at approximately 22:35 in Tumakuru. No weapon was involved. Case status: under investigation.,LOC-debddecb,standard
KA-2025-00107,FIR/2025/2180,2025-08-13,ATM tampering attempt,knife,chargesheet filed,"Hubballi-Dharwad ಪ್ರದೇಶದಲ್ಲಿ ಎಟಿಎಂ ಕುತಂತ್ರ ಪ್ರಯತ್ನ ಘಟನೆ ವರದಿಯಾಗಿದ್ದು, ಸಮಯ ಸುಮಾರು 15:09. ಪ್ರಸ್ತುತ ಸ್ಥಿತಿ: ಆರೋಪಪಟ್ಟಿ ಸಲ್ಲಿಕೆಯಾಗಿದೆ.",Complainant reported a ATM tampering attempt at approximately 15:09 in Hubballi-Dharwad. A knife was reportedly involved. Case status: chargesheet filed.,LOC-4e14b28c,standard
KA-2026-00108,FIR/2026/5743,2026-06-09,residential break-in via forced door lock,blunt object,pending forensic report,"Bengaluru Urban ಪ್ರದೇಶದಲ್ಲಿ ಬಾಗಿಲಿನ ಬೀಗ ಮುರಿದು ಮನೆ ಕಳ್ಳತನ ಘಟನೆ ವರದಿಯಾಗಿದ್ದು, ಸಮಯ ಸುಮಾರು 17:53. ಪ್ರಸ್ತುತ ಸ್ಥಿತಿ: ವಿಧಿವಿಜ್ಞಾನ ವರದಿ ಬಾಕಿ.",A case of residential break-in via forced door lock was registered in Bengaluru Urban. Incident occurred around 17:53. A blunt object was reportedly involved. Current status: pending forensic report.,LOC-bed5ae5e,standard
KA-2025-00109,FIR/2025/8138,2025-11-09,pickpocketing in crowded transit area,blunt object,under investigation,Kalaburagi ನಲ್ಲಿ 09:47 ಸಮಯದಲ್ಲಿ ಜನನಿಬಿಡ ಸ್ಥಳದಲ್ಲಿ ಜೇಬುಗಳ್ಳತನ ಪ್ರಕರಣ ವರದಿಯಾಗಿದೆ. ಪ್ರಕರಣದ ಸ್ಥಿತಿ: ತನಿಖೆ ಹಂತದಲ್ಲಿ.,Complainant reported a pickpocketing in crowded transit area at approximately 09:47 in Kalaburagi. A blunt object was reportedly involved. Case status: under investigation.,LOC-155f4b8b,standard
KA-2024-00110,FIR/2024/9693,2024-09-18,shop burglary after business hours,knife,closed,Mysuru ನಲ್ಲಿ 04:26 ಸಮಯದಲ್ಲಿ ವ್ಯಾಪಾರದ ಸಮಯದ ನಂತರ ಅಂಗಡಿ ಕಳ್ಳತನ ಪ್ರಕರಣ ವರದಿಯಾಗಿದೆ. ಪ್ರಕರಣದ ಸ್ಥಿತಿ: ಪ್ರಕರಣ ಮುಕ್ತಾಯ.,Complainant reported a shop burglary after business hours at approximately 04:26 in Mysuru. A knife was reportedly involved. Case status: closed.,LOC-395bdba4,standard
KA-2024-00111,FIR/2024/3842,2024-08-15,two-wheeler theft from parking area,knife,under investigation,Kalaburagi ನಲ್ಲಿ 11:50 ಸಮಯದಲ್ಲಿ ಪಾರ್ಕಿಂಗ್ ಪ್ರದೇಶದಿಂದ ದ್ವಿಚಕ್ರ ವಾಹನ ಕಳ್ಳತನ ಪ್ರಕರಣ ವರದಿಯಾಗಿದೆ. ಪ್ರಕರಣದ ಸ್ಥಿತಿ: ತನಿಖೆ ಹಂತದಲ್ಲಿ.,A case of two-wheeler theft from parking area was registered in Kalaburagi. Incident occurred around 11:50. A knife was reportedly involved. Current status: under investigation.,LOC-9a7c468c,standard
KA-2026-00112,FIR/2026/3473,2026-05-26,pickpocketing in crowded transit area,none (cyber/no physical weapon),pending forensic report,"Mysuru ಪ್ರದೇಶದಲ್ಲಿ ಜನನಿಬಿಡ ಸ್ಥಳದಲ್ಲಿ ಜೇಬುಗಳ್ಳತನ ಘಟನೆ ವರದಿಯಾಗಿದ್ದು, ಸಮಯ ಸುಮಾರು 21:46. ಪ್ರಸ್ತುತ ಸ್ಥಿತಿ: ವಿಧಿವಿಜ್ಞಾನ ವರದಿ ಬಾಕಿ.",A case of pickpocketing in crowded transit area was registered in Mysuru. Incident occurred around 21:46. No weapon was involved. Current status: pending forensic report.,LOC-293993da,standard
KA-2026-00113,FIR/2026/8565,2026-02-27,cyber fraud via fake job offer,none,closed,"Tumakuru ಪ್ರದೇಶದಲ್ಲಿ ನಕಲಿ ಉದ್ಯೋಗ ನೀಡಿಕೆ ಮೂಲಕ ಸೈಬರ್ ವಂಚನೆ ಘಟನೆ ವರದಿಯಾಗಿದ್ದು, ಸಮಯ ಸುಮಾರು 02:53. ಪ್ರಸ್ತುತ ಸ್ಥಿತಿ: ಪ್ರಕರಣ ಮುಕ್ತಾಯ.",Complainant reported a cyber fraud via fake job offer at approximately 02:53 in Tumakuru. No weapon was involved. Case status: closed.,LOC-fe68a7f0,standard
KA-2026-00114,FIR/2026/4084,2026-06-20,residential break-in via forced door lock,none (cyber/no physical weapon),pending forensic report,"Kalaburagi ಪ್ರದೇಶದಲ್ಲಿ ಬಾಗಿಲಿನ ಬೀಗ ಮುರಿದು ಮನೆ ಕಳ್ಳತನ ಘಟನೆ ವರದಿಯಾಗಿದ್ದು, ಸಮಯ ಸುಮಾರು 12:14. ಪ್ರಸ್ತುತ ಸ್ಥಿತಿ: ವಿಧಿವಿಜ್ಞಾನ ವರದಿ ಬಾಕಿ.",Complainant reported a residential break-in via forced door lock at approximately 12:14 in Kalaburagi. No weapon was involved. Case status: pending forensic report.,LOC-62209f35,standard
KA-2026-00115,FIR/2026/5059,2026-02-22,residential break-in via forced door lock,blunt object,under investigation,Shivamogga ನಲ್ಲಿ 18:57 ಸಮಯದಲ್ಲಿ ಬಾಗಿಲಿನ ಬೀಗ ಮುರಿದು ಮನೆ ಕಳ್ಳತನ ಪ್ರಕರಣ ವರದಿಯಾಗಿದೆ. ಪ್ರಕರಣದ ಸ್ಥಿತಿ: ತನಿಖೆ ಹಂತದಲ್ಲಿ.,Complainant reported a residential break-in via forced door lock at approximately 18:57 in Shivamogga. A blunt object was reportedly involved. Case status: under investigation.,LOC-7924c096,standard
KA-2025-00116,FIR/2025/6482,2025-09-27,shop burglary after business hours,blunt object,pending forensic report,Shivamogga ನಲ್ಲಿ 00:01 ಸಮಯದಲ್ಲಿ ವ್ಯಾಪಾರದ ಸಮಯದ ನಂತರ ಅಂಗಡಿ ಕಳ್ಳತನ ಪ್ರಕರಣ ವರದಿಯಾಗಿದೆ. ಪ್ರಕರಣದ ಸ್ಥಿತಿ: ವಿಧಿವಿಜ್ಞಾನ ವರದಿ ಬಾಕಿ.,A case of shop burglary after business hours was registered in Shivamogga. Incident occurred around 00:01. A blunt object was reportedly involved. Current status: pending forensic report.,LOC-355b1478,standard
KA-2024-00117,FIR/2024/6082,2024-05-06,cyber fraud via fake job offer,knife,closed,"Shivamogga ಪ್ರದೇಶದಲ್ಲಿ ನಕಲಿ ಉದ್ಯೋಗ ನೀಡಿಕೆ ಮೂಲಕ ಸೈಬರ್ ವಂಚನೆ ಘಟನೆ ವರದಿಯಾಗಿದ್ದು, ಸಮಯ ಸುಮಾರು 14:36. ಪ್ರಸ್ತುತ ಸ್ಥಿತಿ: ಪ್ರಕರಣ ಮುಕ್ತಾಯ.",Complainant reported a cyber fraud via fake job offer at approximately 14:36 in Shivamogga. A knife was reportedly involved. Case status: closed.,LOC-28072b01,standard
KA-2025-00118,FIR/2025/7937,2025-05-25,residential break-in via forced door lock,blunt object,pending forensic report,Ballari ನಲ್ಲಿ 06:29 ಸಮಯದಲ್ಲಿ ಬಾಗಿಲಿನ ಬೀಗ ಮುರಿದು ಮನೆ ಕಳ್ಳತನ ಪ್ರಕರಣ ವರದಿಯಾಗಿದೆ. ಪ್ರಕರಣದ ಸ್ಥಿತಿ: ವಿಧಿವಿಜ್ಞಾನ ವರದಿ ಬಾಕಿ.,Complainant reported a residential break-in via forced door lock at approximately 06:29 in Ballari. A blunt object was reportedly involved. Case status: pending forensic report.,LOC-e1b15159,standard
KA-2024-00119,FIR/2024/2264,2024-12-17,shop burglary after business hours,none (cyber/no physical weapon),chargesheet filed,Kalaburagi ನಲ್ಲಿ 22:08 ಸಮಯದಲ್ಲಿ ವ್ಯಾಪಾರದ ಸಮಯದ ನಂತರ ಅಂಗಡಿ ಕಳ್ಳತನ ಪ್ರಕರಣ ವರದಿಯಾಗಿದೆ. ಪ್ರಕರಣದ ಸ್ಥಿತಿ: ಆರೋಪಪಟ್ಟಿ ಸಲ್ಲಿಕೆಯಾಗಿದೆ.,Complainant reported a shop burglary after business hours at approximately 22:08 in Kalaburagi. No weapon was involved. Case status: chargesheet filed.,LOC-3ef1929e,standard
KA-2024-00120,FIR/2024/3658,2024-07-22,cyber fraud via phishing call,none,closed,Shivamogga ನಲ್ಲಿ 13:51 ಸಮಯದಲ್ಲಿ ಫಿಶಿಂಗ್ ಕರೆ ಮೂಲಕ ಸೈಬರ್ ವಂಚನೆ ಪ್ರಕರಣ ವರದಿಯಾಗಿದೆ. ಪ್ರಕರಣದ ಸ್ಥಿತಿ: ಪ್ರಕರಣ ಮುಕ್ತಾಯ.,A case of cyber fraud via phishing call was registered in Shivamogga. Incident occurred around 13:51. No weapon was involved. Current status: closed.,LOC-28072b01,standard
KA-2025-00121,FIR/2025/5668,2025-07-19,pickpocketing in crowded transit area,none,pending forensic report,"Davanagere ಪ್ರದೇಶದಲ್ಲಿ ಜನನಿಬಿಡ ಸ್ಥಳದಲ್ಲಿ ಜೇಬುಗಳ್ಳತನ ಘಟನೆ ವರದಿಯಾಗಿದ್ದು, ಸಮಯ ಸುಮಾರು 22:03. ಪ್ರಸ್ತುತ ಸ್ಥಿತಿ: ವಿಧಿವಿಜ್ಞಾನ ವರದಿ ಬಾಕಿ.",Complainant reported a pickpocketing in crowded transit area at approximately 22:03 in Davanagere. No weapon was involved. Case status: pending forensic report.,LOC-d2f3bf9e,standard
KA-2026-00122,FIR/2026/5616,2026-06-05,pickpocketing in crowded transit area,knife,closed,"Belagavi ಪ್ರದೇಶದಲ್ಲಿ ಜನನಿಬಿಡ ಸ್ಥಳದಲ್ಲಿ ಜೇಬುಗಳ್ಳತನ ಘಟನೆ ವರದಿಯಾಗಿದ್ದು, ಸಮಯ ಸುಮಾರು 02:46. ಪ್ರಸ್ತುತ ಸ್ಥಿತಿ: ಪ್ರಕರಣ ಮುಕ್ತಾಯ.",A case of pickpocketing in crowded transit area was registered in Belagavi. Incident occurred around 02:46. A knife was reportedly involved. Current status: closed.,LOC-13e5539f,standard
KA-2024-00123,FIR/2024/2680,2024-03-22,chain snatching on foot near market,knife,closed,"Shivamogga ಪ್ರದೇಶದಲ್ಲಿ ಮಾರುಕಟ್ಟೆ ಬಳಿ ನಡೆದುಕೊಂಡು ಸರಗಳ್ಳತನ ಘಟನೆ ವರದಿಯಾಗಿದ್ದು, ಸಮಯ ಸುಮಾರು 01:24. ಪ್ರಸ್ತುತ ಸ್ಥಿತಿ: ಪ್ರಕರಣ ಮುಕ್ತಾಯ.",A case of chain snatching on foot near market was registered in Shivamogga. Incident occurred around 01:24. A knife was reportedly involved. Current status: closed.,LOC-75e32a72,standard
KA-2025-00124,FIR/2025/8391,2025-11-10,chain snatching using two-wheeler,none (cyber/no physical weapon),chargesheet filed,Mysuru ನಲ್ಲಿ 14:09 ಸಮಯದಲ್ಲಿ ದ್ವಿಚಕ್ರ ವಾಹನ ಬಳಸಿ ಸರಗಳ್ಳತನ ಪ್ರಕರಣ ವರದಿಯಾಗಿದೆ. ಪ್ರಕರಣದ ಸ್ಥಿತಿ: ಆರೋಪಪಟ್ಟಿ ಸಲ್ಲಿಕೆಯಾಗಿದೆ.,Complainant reported a chain snatching using two-wheeler at approximately 14:09 in Mysuru. No weapon was involved. Case status: chargesheet filed.,LOC-abb83e3d,standard
KA-2025-00125,FIR/2025/6221,2025-08-05,chain snatching on foot near market,none (cyber/no physical weapon),under investigation,Ballari ನಲ್ಲಿ 09:45 ಸಮಯದಲ್ಲಿ ಮಾರುಕಟ್ಟೆ ಬಳಿ ನಡೆದುಕೊಂಡು ಸರಗಳ್ಳತನ ಪ್ರಕರಣ ವರದಿಯಾಗಿದೆ. ಪ್ರಕರಣದ ಸ್ಥಿತಿ: ತನಿಖೆ ಹಂತದಲ್ಲಿ.,Complainant reported a chain snatching on foot near market at approximately 09:45 in Ballari. No weapon was involved. Case status: under investigation.,LOC-102cfde3,standard
KA-2025-00126,FIR/2025/2298,2025-12-29,chain snatching using two-wheeler,none (cyber/no physical weapon),chargesheet filed,Kalaburagi ನಲ್ಲಿ 17:41 ಸಮಯದಲ್ಲಿ ದ್ವಿಚಕ್ರ ವಾಹನ ಬಳಸಿ ಸರಗಳ್ಳತನ ಪ್ರಕರಣ ವರದಿಯಾಗಿದೆ. ಪ್ರಕರಣದ ಸ್ಥಿತಿ: ಆರೋಪಪಟ್ಟಿ ಸಲ್ಲಿಕೆಯಾಗಿದೆ.,A case of chain snatching using two-wheeler was registered in Kalaburagi. Incident occurred around 17:41. No weapon was involved. Current status: chargesheet filed.,LOC-7cbdccba,restricted
KA-2025-00127,FIR/2025/2996,2025-03-23,cyber fraud via phishing call,none (cyber/no physical weapon),under investigation,"Mangaluru ಪ್ರದೇಶದಲ್ಲಿ ಫಿಶಿಂಗ್ ಕರೆ ಮೂಲಕ ಸೈಬರ್ ವಂಚನೆ ಘಟನೆ ವರದಿಯಾಗಿದ್ದು, ಸಮಯ ಸುಮಾರು 13:12. ಪ್ರಸ್ತುತ ಸ್ಥಿತಿ: ತನಿಖೆ ಹಂತದಲ್ಲಿ.",Complainant reported a cyber fraud via phishing call at approximately 13:12 in Mangaluru. No weapon was involved. Case status: under investigation.,LOC-485742ff,restricted
KA-2024-00128,FIR/2024/1025,2024-08-11,pickpocketing in crowded transit area,none,chargesheet filed,"Davanagere ಪ್ರದೇಶದಲ್ಲಿ ಜನನಿಬಿಡ ಸ್ಥಳದಲ್ಲಿ ಜೇಬುಗಳ್ಳತನ ಘಟನೆ ವರದಿಯಾಗಿದ್ದು, ಸಮಯ ಸುಮಾರು 00:55. ಪ್ರಸ್ತುತ ಸ್ಥಿತಿ: ಆರೋಪಪಟ್ಟಿ ಸಲ್ಲಿಕೆಯಾಗಿದೆ.",A case of pickpocketing in crowded transit area was registered in Davanagere. Incident occurred around 00:55. No weapon was involved. Current status: chargesheet filed.,LOC-57b896fd,standard
KA-2026-00129,FIR/2026/8702,2026-03-28,residential break-in via forced door lock,blunt object,under investigation,"Davanagere ಪ್ರದೇಶದಲ್ಲಿ ಬಾಗಿಲಿನ ಬೀಗ ಮುರಿದು ಮನೆ ಕಳ್ಳತನ ಘಟನೆ ವರದಿಯಾಗಿದ್ದು, ಸಮಯ ಸುಮಾರು 04:55. ಪ್ರಸ್ತುತ ಸ್ಥಿತಿ: ತನಿಖೆ ಹಂತದಲ್ಲಿ.",Complainant reported a residential break-in via forced door lock at approximately 04:55 in Davanagere. A blunt object was reportedly involved. Case status: under investigation.,LOC-1961fc6f,restricted
KA-2024-00130,FIR/2024/1726,2024-06-10,residential break-in via forced door lock,blunt object,chargesheet filed,Kalaburagi ನಲ್ಲಿ 00:52 ಸಮಯದಲ್ಲಿ ಬಾಗಿಲಿನ ಬೀಗ ಮುರಿದು ಮನೆ ಕಳ್ಳತನ ಪ್ರಕರಣ ವರದಿಯಾಗಿದೆ. ಪ್ರಕರಣದ ಸ್ಥಿತಿ: ಆರೋಪಪಟ್ಟಿ ಸಲ್ಲಿಕೆಯಾಗಿದೆ.,A case of residential break-in via forced door lock was registered in Kalaburagi. Incident occurred around 00:52. A blunt object was reportedly involved. Current status: chargesheet filed.,LOC-d1ea1ed7,standard
KA-2024-00131,FIR/2024/5807,2024-04-08,pickpocketing in crowded transit area,knife,chargesheet filed,Mangaluru ನಲ್ಲಿ 00:33 ಸಮಯದಲ್ಲಿ ಜನನಿಬಿಡ ಸ್ಥಳದಲ್ಲಿ ಜೇಬುಗಳ್ಳತನ ಪ್ರಕರಣ ವರದಿಯಾಗಿದೆ. ಪ್ರಕರಣದ ಸ್ಥಿತಿ: ಆರೋಪಪಟ್ಟಿ ಸಲ್ಲಿಕೆಯಾಗಿದೆ.,A case of pickpocketing in crowded transit area was registered in Mangaluru. Incident occurred around 00:33. A knife was reportedly involved. Current status: chargesheet filed.,LOC-97a56ecd,standard
KA-2024-00132,FIR/2024/6848,2024-02-26,ATM tampering attempt,none (cyber/no physical weapon),closed,"Bengaluru Urban ಪ್ರದೇಶದಲ್ಲಿ ಎಟಿಎಂ ಕುತಂತ್ರ ಪ್ರಯತ್ನ ಘಟನೆ ವರದಿಯಾಗಿದ್ದು, ಸಮಯ ಸುಮಾರು 21:19. ಪ್ರಸ್ತುತ ಸ್ಥಿತಿ: ಪ್ರಕರಣ ಮುಕ್ತಾಯ.",Complainant reported a ATM tampering attempt at approximately 21:19 in Bengaluru Urban. No weapon was involved. Case status: closed.,LOC-bed5ae5e,standard
KA-2025-00133,FIR/2025/9129,2025-08-23,ATM tampering attempt,none (cyber/no physical weapon),pending forensic report,Kalaburagi ನಲ್ಲಿ 15:09 ಸಮಯದಲ್ಲಿ ಎಟಿಎಂ ಕುತಂತ್ರ ಪ್ರಯತ್ನ ಪ್ರಕರಣ ವರದಿಯಾಗಿದೆ. ಪ್ರಕರಣದ ಸ್ಥಿತಿ: ವಿಧಿವಿಜ್ಞಾನ ವರದಿ ಬಾಕಿ.,A case of ATM tampering attempt was registered in Kalaburagi. Incident occurred around 15:09. No weapon was involved. Current status: pending forensic report.,LOC-d1ea1ed7,standard
KA-2024-00134,FIR/2024/2680,2024-10-07,ATM tampering attempt,none,pending forensic report,"Shivamogga ಪ್ರದೇಶದಲ್ಲಿ ಎಟಿಎಂ ಕುತಂತ್ರ ಪ್ರಯತ್ನ ಘಟನೆ ವರದಿಯಾಗಿದ್ದು, ಸಮಯ ಸುಮಾರು 07:54. ಪ್ರಸ್ತುತ ಸ್ಥಿತಿ: ವಿಧಿವಿಜ್ಞಾನ ವರದಿ ಬಾಕಿ.",A case of ATM tampering attempt was registered in Shivamogga. Incident occurred around 07:54. No weapon was involved. Current status: pending forensic report.,LOC-3c7ae7ae,standard
KA-2025-00135,FIR/2025/6776,2025-06-30,ATM tampering attempt,knife,pending forensic report,Hubballi-Dharwad ನಲ್ಲಿ 02:37 ಸಮಯದಲ್ಲಿ ಎಟಿಎಂ ಕುತಂತ್ರ ಪ್ರಯತ್ನ ಪ್ರಕರಣ ವರದಿಯಾಗಿದೆ. ಪ್ರಕರಣದ ಸ್ಥಿತಿ: ವಿಧಿವಿಜ್ಞಾನ ವರದಿ ಬಾಕಿ.,A case of ATM tampering attempt was registered in Hubballi-Dharwad. Incident occurred around 02:37. A knife was reportedly involved. Current status: pending forensic report.,LOC-6728d136,standard
KA-2025-00136,FIR/2025/3339,2025-07-18,residential break-in via rear window,none,pending forensic report,Hubballi-Dharwad ನಲ್ಲಿ 09:13 ಸಮಯದಲ್ಲಿ ಹಿಂಬದಿ ಕಿಟಕಿಯ ಮೂಲಕ ಮನೆ ಕಳ್ಳತನ ಪ್ರಕರಣ ವರದಿಯಾಗಿದೆ. ಪ್ರಕರಣದ ಸ್ಥಿತಿ: ವಿಧಿವಿಜ್ಞಾನ ವರದಿ ಬಾಕಿ.,Complainant reported a residential break-in via rear window at approximately 09:13 in Hubballi-Dharwad. No weapon was involved. Case status: pending forensic report.,LOC-4e36c192,standard
KA-2026-00137,FIR/2026/8371,2026-05-31,shop burglary after business hours,blunt object,pending forensic report,Tumakuru ನಲ್ಲಿ 04:24 ಸಮಯದಲ್ಲಿ ವ್ಯಾಪಾರದ ಸಮಯದ ನಂತರ ಅಂಗಡಿ ಕಳ್ಳತನ ಪ್ರಕರಣ ವರದಿಯಾಗಿದೆ. ಪ್ರಕರಣದ ಸ್ಥಿತಿ: ವಿಧಿವಿಜ್ಞಾನ ವರದಿ ಬಾಕಿ.,Complainant reported a shop burglary after business hours at approximately 04:24 in Tumakuru. A blunt object was reportedly involved. Case status: pending forensic report.,LOC-659c63f0,standard
KA-2025-00138,FIR/2025/2858,2025-05-03,cyber fraud via phishing call,blunt object,pending forensic report,Tumakuru ನಲ್ಲಿ 09:08 ಸಮಯದಲ್ಲಿ ಫಿಶಿಂಗ್ ಕರೆ ಮೂಲಕ ಸೈಬರ್ ವಂಚನೆ ಪ್ರಕರಣ ವರದಿಯಾಗಿದೆ. ಪ್ರಕರಣದ ಸ್ಥಿತಿ: ವಿಧಿವಿಜ್ಞಾನ ವರದಿ ಬಾಕಿ.,A case of cyber fraud via phishing call was registered in Tumakuru. Incident occurred around 09:08. A blunt object was reportedly involved. Current status: pending forensic report.,LOC-ed2cf155,restricted
KA-2025-00139,FIR/2025/9047,2025-11-24,residential break-in via forced door lock,blunt object,closed,"Tumakuru ಪ್ರದೇಶದಲ್ಲಿ ಬಾಗಿಲಿನ ಬೀಗ ಮುರಿದು ಮನೆ ಕಳ್ಳತನ ಘಟನೆ ವರದಿಯಾಗಿದ್ದು, ಸಮಯ ಸುಮಾರು 06:16. ಪ್ರಸ್ತುತ ಸ್ಥಿತಿ: ಪ್ರಕರಣ ಮುಕ್ತಾಯ.",Complainant reported a residential break-in via forced door lock at approximately 06:16 in Tumakuru. A blunt object was reportedly involved. Case status: closed.,LOC-ed2cf155,standard
KA-2025-00140,FIR/2025/5914,2025-06-23,pickpocketing in crowded transit area,none,closed,"Mysuru ಪ್ರದೇಶದಲ್ಲಿ ಜನನಿಬಿಡ ಸ್ಥಳದಲ್ಲಿ ಜೇಬುಗಳ್ಳತನ ಘಟನೆ ವರದಿಯಾಗಿದ್ದು, ಸಮಯ ಸುಮಾರು 16:57. ಪ್ರಸ್ತುತ ಸ್ಥಿತಿ: ಪ್ರಕರಣ ಮುಕ್ತಾಯ.",Complainant reported a pickpocketing in crowded transit area at approximately 16:57 in Mysuru. No weapon was involved. Case status: closed.,LOC-0d0f32f2,standard
KA-2025-00141,FIR/2025/6912,2025-01-02,residential break-in via forced door lock,knife,chargesheet filed,Mangaluru ನಲ್ಲಿ 18:09 ಸಮಯದಲ್ಲಿ ಬಾಗಿಲಿನ ಬೀಗ ಮುರಿದು ಮನೆ ಕಳ್ಳತನ ಪ್ರಕರಣ ವರದಿಯಾಗಿದೆ. ಪ್ರಕರಣದ ಸ್ಥಿತಿ: ಆರೋಪಪಟ್ಟಿ ಸಲ್ಲಿಕೆಯಾಗಿದೆ.,A case of residential break-in via forced door lock was registered in Mangaluru. Incident occurred around 18:09. A knife was reportedly involved. Current status: chargesheet filed.,LOC-2a434cf1,standard
KA-2025-00142,FIR/2025/9612,2025-04-25,cyber fraud via fake job offer,none,under investigation,"Tumakuru ಪ್ರದೇಶದಲ್ಲಿ ನಕಲಿ ಉದ್ಯೋಗ ನೀಡಿಕೆ ಮೂಲಕ ಸೈಬರ್ ವಂಚನೆ ಘಟನೆ ವರದಿಯಾಗಿದ್ದು, ಸಮಯ ಸುಮಾರು 11:11. ಪ್ರಸ್ತುತ ಸ್ಥಿತಿ: ತನಿಖೆ ಹಂತದಲ್ಲಿ.",A case of cyber fraud via fake job offer was registered in Tumakuru. Incident occurred around 11:11. No weapon was involved. Current status: under investigation.,LOC-635818c2,standard
KA-2026-00143,FIR/2026/3981,2026-03-14,residential break-in via forced door lock,none (cyber/no physical weapon),pending forensic report,Davanagere ನಲ್ಲಿ 16:34 ಸಮಯದಲ್ಲಿ ಬಾಗಿಲಿನ ಬೀಗ ಮುರಿದು ಮನೆ ಕಳ್ಳತನ ಪ್ರಕರಣ ವರದಿಯಾಗಿದೆ. ಪ್ರಕರಣದ ಸ್ಥಿತಿ: ವಿಧಿವಿಜ್ಞಾನ ವರದಿ ಬಾಕಿ.,A case of residential break-in via forced door lock was registered in Davanagere. Incident occurred around 16:34. No weapon was involved. Current status: pending forensic report.,LOC-a7db6519,standard
KA-2024-00144,FIR/2024/4694,2024-09-12,residential break-in via forced door lock,knife,closed,"Ballari ಪ್ರದೇಶದಲ್ಲಿ ಬಾಗಿಲಿನ ಬೀಗ ಮುರಿದು ಮನೆ ಕಳ್ಳತನ ಘಟನೆ ವರದಿಯಾಗಿದ್ದು, ಸಮಯ ಸುಮಾರು 18:51. ಪ್ರಸ್ತುತ ಸ್ಥಿತಿ: ಪ್ರಕರಣ ಮುಕ್ತಾಯ.",Complainant reported a residential break-in via forced door lock at approximately 18:51 in Ballari. A knife was reportedly involved. Case status: closed.,LOC-8894a6dc,standard
KA-2025-00145,FIR/2025/3526,2025-04-15,cyber fraud via phishing call,blunt object,chargesheet filed,Hubballi-Dharwad ನಲ್ಲಿ 10:07 ಸಮಯದಲ್ಲಿ ಫಿಶಿಂಗ್ ಕರೆ ಮೂಲಕ ಸೈಬರ್ ವಂಚನೆ ಪ್ರಕರಣ ವರದಿಯಾಗಿದೆ. ಪ್ರಕರಣದ ಸ್ಥಿತಿ: ಆರೋಪಪಟ್ಟಿ ಸಲ್ಲಿಕೆಯಾಗಿದೆ.,Complainant reported a cyber fraud via phishing call at approximately 10:07 in Hubballi-Dharwad. A blunt object was reportedly involved. Case status: chargesheet filed.,LOC-fcc578a4,standard
KA-2024-00146,FIR/2024/7825,2024-03-11,residential break-in via rear window,none,under investigation,Davanagere ನಲ್ಲಿ 14:56 ಸಮಯದಲ್ಲಿ ಹಿಂಬದಿ ಕಿಟಕಿಯ ಮೂಲಕ ಮನೆ ಕಳ್ಳತನ ಪ್ರಕರಣ ವರದಿಯಾಗಿದೆ. ಪ್ರಕರಣದ ಸ್ಥಿತಿ: ತನಿಖೆ ಹಂತದಲ್ಲಿ.,A case of residential break-in via rear window was registered in Davanagere. Incident occurred around 14:56. No weapon was involved. Current status: under investigation.,LOC-e917dece,standard
KA-2025-00147,FIR/2025/2195,2025-09-22,chain snatching using two-wheeler,none (cyber/no physical weapon),chargesheet filed,"Tumakuru ಪ್ರದೇಶದಲ್ಲಿ ದ್ವಿಚಕ್ರ ವಾಹನ ಬಳಸಿ ಸರಗಳ್ಳತನ ಘಟನೆ ವರದಿಯಾಗಿದ್ದು, ಸಮಯ ಸುಮಾರು 20:13. ಪ್ರಸ್ತುತ ಸ್ಥಿತಿ: ಆರೋಪಪಟ್ಟಿ ಸಲ್ಲಿಕೆಯಾಗಿದೆ.",A case of chain snatching using two-wheeler was registered in Tumakuru. Incident occurred around 20:13. No weapon was involved. Current status: chargesheet filed.,LOC-ed2cf155,standard
KA-2025-00148,FIR/2025/3142,2025-05-11,shop burglary after business hours,knife,closed,"Tumakuru ಪ್ರದೇಶದಲ್ಲಿ ವ್ಯಾಪಾರದ ಸಮಯದ ನಂತರ ಅಂಗಡಿ ಕಳ್ಳತನ ಘಟನೆ ವರದಿಯಾಗಿದ್ದು, ಸಮಯ ಸುಮಾರು 00:58. ಪ್ರಸ್ತುತ ಸ್ಥಿತಿ: ಪ್ರಕರಣ ಮುಕ್ತಾಯ.",A case of shop burglary after business hours was registered in Tumakuru. Incident occurred around 00:58. A knife was reportedly involved. Current status: closed.,LOC-7a143af2,standard
KA-2025-00149,FIR/2025/1829,2025-01-20,residential break-in via forced door lock,blunt object,pending forensic report,Shivamogga ನಲ್ಲಿ 03:05 ಸಮಯದಲ್ಲಿ ಬಾಗಿಲಿನ ಬೀಗ ಮುರಿದು ಮನೆ ಕಳ್ಳತನ ಪ್ರಕರಣ ವರದಿಯಾಗಿದೆ. ಪ್ರಕರಣದ ಸ್ಥಿತಿ: ವಿಧಿವಿಜ್ಞಾನ ವರದಿ ಬಾಕಿ.,Complainant reported a residential break-in via forced door lock at approximately 03:05 in Shivamogga. A blunt object was reportedly involved. Case status: pending forensic report.,LOC-56d22747,standard
KA-2024-00150,FIR/2024/9433,2024-10-21,two-wheeler theft from parking area,blunt object,closed,"Davanagere ಪ್ರದೇಶದಲ್ಲಿ ಪಾರ್ಕಿಂಗ್ ಪ್ರದೇಶದಿಂದ ದ್ವಿಚಕ್ರ ವಾಹನ ಕಳ್ಳತನ ಘಟನೆ ವರದಿಯಾಗಿದ್ದು, ಸಮಯ ಸುಮಾರು 21:31. ಪ್ರಸ್ತುತ ಸ್ಥಿತಿ: ಪ್ರಕರಣ ಮುಕ್ತಾಯ.",Complainant reported a two-wheeler theft from parking area at approximately 21:31 in Davanagere. A blunt object was reportedly involved. Case status: closed.,LOC-edff0fc4,standard
KA-2024-00151,FIR/2024/1828,2024-11-30,cyber fraud via phishing call,none (cyber/no physical weapon),chargesheet filed,Tumakuru ನಲ್ಲಿ 05:09 ಸಮಯದಲ್ಲಿ ಫಿಶಿಂಗ್ ಕರೆ ಮೂಲಕ ಸೈಬರ್ ವಂಚನೆ ಪ್ರಕರಣ ವರದಿಯಾಗಿದೆ. ಪ್ರಕರಣದ ಸ್ಥಿತಿ: ಆರೋಪಪಟ್ಟಿ ಸಲ್ಲಿಕೆಯಾಗಿದೆ.,A case of cyber fraud via phishing call was registered in Tumakuru. Incident occurred around 05:09. No weapon was involved. Current status: chargesheet filed.,LOC-57e7bc17,standard
KA-2025-00152,FIR/2025/6995,2025-02-14,residential break-in via forced door lock,none (cyber/no physical weapon),chargesheet filed,"Tumakuru ಪ್ರದೇಶದಲ್ಲಿ ಬಾಗಿಲಿನ ಬೀಗ ಮುರಿದು ಮನೆ ಕಳ್ಳತನ ಘಟನೆ ವರದಿಯಾಗಿದ್ದು, ಸಮಯ ಸುಮಾರು 20:15. ಪ್ರಸ್ತುತ ಸ್ಥಿತಿ: ಆರೋಪಪಟ್ಟಿ ಸಲ್ಲಿಕೆಯಾಗಿದೆ.",A case of residential break-in via forced door lock was registered in Tumakuru. Incident occurred around 20:15. No weapon was involved. Current status: chargesheet filed.,LOC-fe68a7f0,restricted
KA-2026-00153,FIR/2026/2946,2026-02-22,chain snatching using two-wheeler,none,pending forensic report,"Davanagere ಪ್ರದೇಶದಲ್ಲಿ ದ್ವಿಚಕ್ರ ವಾಹನ ಬಳಸಿ ಸರಗಳ್ಳತನ ಘಟನೆ ವರದಿಯಾಗಿದ್ದು, ಸಮಯ ಸುಮಾರು 08:00. ಪ್ರಸ್ತುತ ಸ್ಥಿತಿ: ವಿಧಿವಿಜ್ಞಾನ ವರದಿ ಬಾಕಿ.",A case of chain snatching using two-wheeler was registered in Davanagere. Incident occurred around 08:00. No weapon was involved. Current status: pending forensic report.,LOC-ee0c9478,standard
KA-2024-00154,FIR/2024/1742,2024-11-05,cyber fraud via phishing call,blunt object,chargesheet filed,Ballari ನಲ್ಲಿ 05:24 ಸಮಯದಲ್ಲಿ ಫಿಶಿಂಗ್ ಕರೆ ಮೂಲಕ ಸೈಬರ್ ವಂಚನೆ ಪ್ರಕರಣ ವರದಿಯಾಗಿದೆ. ಪ್ರಕರಣದ ಸ್ಥಿತಿ: ಆರೋಪಪಟ್ಟಿ ಸಲ್ಲಿಕೆಯಾಗಿದೆ.,A case of cyber fraud via phishing call was registered in Ballari. Incident occurred around 05:24. A blunt object was reportedly involved. Current status: chargesheet filed.,LOC-102cfde3,restricted
KA-2025-00155,FIR/2025/5902,2025-05-09,two-wheeler theft from parking area,knife,closed,"Kalaburagi ಪ್ರದೇಶದಲ್ಲಿ ಪಾರ್ಕಿಂಗ್ ಪ್ರದೇಶದಿಂದ ದ್ವಿಚಕ್ರ ವಾಹನ ಕಳ್ಳತನ ಘಟನೆ ವರದಿಯಾಗಿದ್ದು, ಸಮಯ ಸುಮಾರು 19:39. ಪ್ರಸ್ತುತ ಸ್ಥಿತಿ: ಪ್ರಕರಣ ಮುಕ್ತಾಯ.",Complainant reported a two-wheeler theft from parking area at approximately 19:39 in Kalaburagi. A knife was reportedly involved. Case status: closed.,LOC-155f4b8b,standard
KA-2025-00156,FIR/2025/7824,2025-07-26,chain snatching using two-wheeler,none (cyber/no physical weapon),under investigation,Shivamogga ನಲ್ಲಿ 05:22 ಸಮಯದಲ್ಲಿ ದ್ವಿಚಕ್ರ ವಾಹನ ಬಳಸಿ ಸರಗಳ್ಳತನ ಪ್ರಕರಣ ವರದಿಯಾಗಿದೆ. ಪ್ರಕರಣದ ಸ್ಥಿತಿ: ತನಿಖೆ ಹಂತದಲ್ಲಿ.,A case of chain snatching using two-wheeler was registered in Shivamogga. Incident occurred around 05:22. No weapon was involved. Current status: under investigation.,LOC-28072b01,standard
KA-2026-00157,FIR/2026/9589,2026-06-25,cyber fraud via fake job offer,knife,under investigation,Bengaluru Urban ನಲ್ಲಿ 11:19 ಸಮಯದಲ್ಲಿ ನಕಲಿ ಉದ್ಯೋಗ ನೀಡಿಕೆ ಮೂಲಕ ಸೈಬರ್ ವಂಚನೆ ಪ್ರಕರಣ ವರದಿಯಾಗಿದೆ. ಪ್ರಕರಣದ ಸ್ಥಿತಿ: ತನಿಖೆ ಹಂತದಲ್ಲಿ.,A case of cyber fraud via fake job offer was registered in Bengaluru Urban. Incident occurred around 11:19. A knife was reportedly involved. Current status: under investigation.,LOC-f7690c1e,standard
KA-2024-00158,FIR/2024/7861,2024-01-30,residential break-in via rear window,none,chargesheet filed,"Ballari ಪ್ರದೇಶದಲ್ಲಿ ಹಿಂಬದಿ ಕಿಟಕಿಯ ಮೂಲಕ ಮನೆ ಕಳ್ಳತನ ಘಟನೆ ವರದಿಯಾಗಿದ್ದು, ಸಮಯ ಸುಮಾರು 10:02. ಪ್ರಸ್ತುತ ಸ್ಥಿತಿ: ಆರೋಪಪಟ್ಟಿ ಸಲ್ಲಿಕೆಯಾಗಿದೆ.",A case of residential break-in via rear window was registered in Ballari. Incident occurred around 10:02. No weapon was involved. Current status: chargesheet filed.,LOC-102cfde3,standard
KA-2026-00159,FIR/2026/8837,2026-03-16,pickpocketing in crowded transit area,none,chargesheet filed,"Belagavi ಪ್ರದೇಶದಲ್ಲಿ ಜನನಿಬಿಡ ಸ್ಥಳದಲ್ಲಿ ಜೇಬುಗಳ್ಳತನ ಘಟನೆ ವರದಿಯಾಗಿದ್ದು, ಸಮಯ ಸುಮಾರು 17:54. ಪ್ರಸ್ತುತ ಸ್ಥಿತಿ: ಆರೋಪಪಟ್ಟಿ ಸಲ್ಲಿಕೆಯಾಗಿದೆ.",Complainant reported a pickpocketing in crowded transit area at approximately 17:54 in Belagavi. No weapon was involved. Case status: chargesheet filed.,LOC-9963984c,standard
KA-2026-00160,FIR/2026/5571,2026-01-22,cyber fraud via phishing call,blunt object,closed,Mangaluru ನಲ್ಲಿ 03:32 ಸಮಯದಲ್ಲಿ ಫಿಶಿಂಗ್ ಕರೆ ಮೂಲಕ ಸೈಬರ್ ವಂಚನೆ ಪ್ರಕರಣ ವರದಿಯಾಗಿದೆ. ಪ್ರಕರಣದ ಸ್ಥಿತಿ: ಪ್ರಕರಣ ಮುಕ್ತಾಯ.,Complainant reported a cyber fraud via phishing call at approximately 03:32 in Mangaluru. A blunt object was reportedly involved. Case status: closed.,LOC-97a56ecd,standard
KA-2025-00161,FIR/2025/2996,2025-06-25,pickpocketing in crowded transit area,blunt object,pending forensic report,"Hubballi-Dharwad ಪ್ರದೇಶದಲ್ಲಿ ಜನನಿಬಿಡ ಸ್ಥಳದಲ್ಲಿ ಜೇಬುಗಳ್ಳತನ ಘಟನೆ ವರದಿಯಾಗಿದ್ದು, ಸಮಯ ಸುಮಾರು 20:19. ಪ್ರಸ್ತುತ ಸ್ಥಿತಿ: ವಿಧಿವಿಜ್ಞಾನ ವರದಿ ಬಾಕಿ.",A case of pickpocketing in crowded transit area was registered in Hubballi-Dharwad. Incident occurred around 20:19. A blunt object was reportedly involved. Current status: pending forensic report.,LOC-2c475c2b,standard
KA-2024-00162,FIR/2024/6674,2024-03-06,shop burglary after business hours,knife,closed,Ballari ನಲ್ಲಿ 08:21 ಸಮಯದಲ್ಲಿ ವ್ಯಾಪಾರದ ಸಮಯದ ನಂತರ ಅಂಗಡಿ ಕಳ್ಳತನ ಪ್ರಕರಣ ವರದಿಯಾಗಿದೆ. ಪ್ರಕರಣದ ಸ್ಥಿತಿ: ಪ್ರಕರಣ ಮುಕ್ತಾಯ.,A case of shop burglary after business hours was registered in Ballari. Incident occurred around 08:21. A knife was reportedly involved. Current status: closed.,LOC-0dfcfde7,standard
KA-2024-00163,FIR/2024/4972,2024-08-01,cyber fraud via phishing call,blunt object,closed,Hubballi-Dharwad ನಲ್ಲಿ 05:54 ಸಮಯದಲ್ಲಿ ಫಿಶಿಂಗ್ ಕರೆ ಮೂಲಕ ಸೈಬರ್ ವಂಚನೆ ಪ್ರಕರಣ ವರದಿಯಾಗಿದೆ. ಪ್ರಕರಣದ ಸ್ಥಿತಿ: ಪ್ರಕರಣ ಮುಕ್ತಾಯ.,Complainant reported a cyber fraud via phishing call at approximately 05:54 in Hubballi-Dharwad. A blunt object was reportedly involved. Case status: closed.,LOC-2c475c2b,standard
KA-2024-00164,FIR/2024/3587,2024-06-05,ATM tampering attempt,blunt object,pending forensic report,Belagavi ನಲ್ಲಿ 04:35 ಸಮಯದಲ್ಲಿ ಎಟಿಎಂ ಕುತಂತ್ರ ಪ್ರಯತ್ನ ಪ್ರಕರಣ ವರದಿಯಾಗಿದೆ. ಪ್ರಕರಣದ ಸ್ಥಿತಿ: ವಿಧಿವಿಜ್ಞಾನ ವರದಿ ಬಾಕಿ.,Complainant reported a ATM tampering attempt at approximately 04:35 in Belagavi. A blunt object was reportedly involved. Case status: pending forensic report.,LOC-8abc449f,standard
KA-2024-00165,FIR/2024/9767,2024-04-01,chain snatching using two-wheeler,blunt object,closed,Tumakuru ನಲ್ಲಿ 21:44 ಸಮಯದಲ್ಲಿ ದ್ವಿಚಕ್ರ ವಾಹನ ಬಳಸಿ ಸರಗಳ್ಳತನ ಪ್ರಕರಣ ವರದಿಯಾಗಿದೆ. ಪ್ರಕರಣದ ಸ್ಥಿತಿ: ಪ್ರಕರಣ ಮುಕ್ತಾಯ.,Complainant reported a chain snatching using two-wheeler at approximately 21:44 in Tumakuru. A blunt object was reportedly involved. Case status: closed.,LOC-fe68a7f0,standard
KA-2024-00166,FIR/2024/1151,2024-10-16,residential break-in via rear window,none (cyber/no physical weapon),pending forensic report,Mangaluru ನಲ್ಲಿ 10:12 ಸಮಯದಲ್ಲಿ ಹಿಂಬದಿ ಕಿಟಕಿಯ ಮೂಲಕ ಮನೆ ಕಳ್ಳತನ ಪ್ರಕರಣ ವರದಿಯಾಗಿದೆ. ಪ್ರಕರಣದ ಸ್ಥಿತಿ: ವಿಧಿವಿಜ್ಞಾನ ವರದಿ ಬಾಕಿ.,A case of residential break-in via rear window was registered in Mangaluru. Incident occurred around 10:12. No weapon was involved. Current status: pending forensic report.,LOC-a60397df,standard
KA-2026-00167,FIR/2026/4159,2026-02-22,pickpocketing in crowded transit area,none (cyber/no physical weapon),chargesheet filed,"Mysuru ಪ್ರದೇಶದಲ್ಲಿ ಜನನಿಬಿಡ ಸ್ಥಳದಲ್ಲಿ ಜೇಬುಗಳ್ಳತನ ಘಟನೆ ವರದಿಯಾಗಿದ್ದು, ಸಮಯ ಸುಮಾರು 06:24. ಪ್ರಸ್ತುತ ಸ್ಥಿತಿ: ಆರೋಪಪಟ್ಟಿ ಸಲ್ಲಿಕೆಯಾಗಿದೆ.",A case of pickpocketing in crowded transit area was registered in Mysuru. Incident occurred around 06:24. No weapon was involved. Current status: chargesheet filed.,LOC-395bdba4,standard
KA-2025-00168,FIR/2025/7643,2025-04-03,two-wheeler theft from parking area,none,closed,Mangaluru ನಲ್ಲಿ 07:18 ಸಮಯದಲ್ಲಿ ಪಾರ್ಕಿಂಗ್ ಪ್ರದೇಶದಿಂದ ದ್ವಿಚಕ್ರ ವಾಹನ ಕಳ್ಳತನ ಪ್ರಕರಣ ವರದಿಯಾಗಿದೆ. ಪ್ರಕರಣದ ಸ್ಥಿತಿ: ಪ್ರಕರಣ ಮುಕ್ತಾಯ.,Complainant reported a two-wheeler theft from parking area at approximately 07:18 in Mangaluru. No weapon was involved. Case status: closed.,LOC-9173be6a,standard
KA-2025-00169,FIR/2025/5272,2025-05-17,two-wheeler theft from parking area,knife,pending forensic report,Kalaburagi ನಲ್ಲಿ 16:44 ಸಮಯದಲ್ಲಿ ಪಾರ್ಕಿಂಗ್ ಪ್ರದೇಶದಿಂದ ದ್ವಿಚಕ್ರ ವಾಹನ ಕಳ್ಳತನ ಪ್ರಕರಣ ವರದಿಯಾಗಿದೆ. ಪ್ರಕರಣದ ಸ್ಥಿತಿ: ವಿಧಿವಿಜ್ಞಾನ ವರದಿ ಬಾಕಿ.,Complainant reported a two-wheeler theft from parking area at approximately 16:44 in Kalaburagi. A knife was reportedly involved. Case status: pending forensic report.,LOC-62209f35,standard
KA-2025-00170,FIR/2025/2936,2025-07-12,cyber fraud via fake job offer,none,closed,Hubballi-Dharwad ನಲ್ಲಿ 13:04 ಸಮಯದಲ್ಲಿ ನಕಲಿ ಉದ್ಯೋಗ ನೀಡಿಕೆ ಮೂಲಕ ಸೈಬರ್ ವಂಚನೆ ಪ್ರಕರಣ ವರದಿಯಾಗಿದೆ. ಪ್ರಕರಣದ ಸ್ಥಿತಿ: ಪ್ರಕರಣ ಮುಕ್ತಾಯ.,Complainant reported a cyber fraud via fake job offer at approximately 13:04 in Hubballi-Dharwad. No weapon was involved. Case status: closed.,LOC-4b9f5b48,standard
KA-2025-00171,FIR/2025/3188,2025-07-24,chain snatching using two-wheeler,none,closed,Ballari ನಲ್ಲಿ 23:01 ಸಮಯದಲ್ಲಿ ದ್ವಿಚಕ್ರ ವಾಹನ ಬಳಸಿ ಸರಗಳ್ಳತನ ಪ್ರಕರಣ ವರದಿಯಾಗಿದೆ. ಪ್ರಕರಣದ ಸ್ಥಿತಿ: ಪ್ರಕರಣ ಮುಕ್ತಾಯ.,Complainant reported a chain snatching using two-wheeler at approximately 23:01 in Ballari. No weapon was involved. Case status: closed.,LOC-17217a9c,standard
KA-2024-00172,FIR/2024/2279,2024-05-07,pickpocketing in crowded transit area,knife,chargesheet filed,"Davanagere ಪ್ರದೇಶದಲ್ಲಿ ಜನನಿಬಿಡ ಸ್ಥಳದಲ್ಲಿ ಜೇಬುಗಳ್ಳತನ ಘಟನೆ ವರದಿಯಾಗಿದ್ದು, ಸಮಯ ಸುಮಾರು 04:20. ಪ್ರಸ್ತುತ ಸ್ಥಿತಿ: ಆರೋಪಪಟ್ಟಿ ಸಲ್ಲಿಕೆಯಾಗಿದೆ.",A case of pickpocketing in crowded transit area was registered in Davanagere. Incident occurred around 04:20. A knife was reportedly involved. Current status: chargesheet filed.,LOC-ee0c9478,standard
KA-2025-00173,FIR/2025/4365,2025-05-24,chain snatching on foot near market,knife,chargesheet filed,Bengaluru Urban ನಲ್ಲಿ 17:06 ಸಮಯದಲ್ಲಿ ಮಾರುಕಟ್ಟೆ ಬಳಿ ನಡೆದುಕೊಂಡು ಸರಗಳ್ಳತನ ಪ್ರಕರಣ ವರದಿಯಾಗಿದೆ. ಪ್ರಕರಣದ ಸ್ಥಿತಿ: ಆರೋಪಪಟ್ಟಿ ಸಲ್ಲಿಕೆಯಾಗಿದೆ.,A case of chain snatching on foot near market was registered in Bengaluru Urban. Incident occurred around 17:06. A knife was reportedly involved. Current status: chargesheet filed.,LOC-ef103e46,standard
KA-2026-00174,FIR/2026/1945,2026-03-08,residential break-in via rear window,none (cyber/no physical weapon),chargesheet filed,"Mysuru ಪ್ರದೇಶದಲ್ಲಿ ಹಿಂಬದಿ ಕಿಟಕಿಯ ಮೂಲಕ ಮನೆ ಕಳ್ಳತನ ಘಟನೆ ವರದಿಯಾಗಿದ್ದು, ಸಮಯ ಸುಮಾರು 07:15. ಪ್ರಸ್ತುತ ಸ್ಥಿತಿ: ಆರೋಪಪಟ್ಟಿ ಸಲ್ಲಿಕೆಯಾಗಿದೆ.",A case of residential break-in via rear window was registered in Mysuru. Incident occurred around 07:15. No weapon was involved. Current status: chargesheet filed.,LOC-723fe4c3,standard
KA-2024-00175,FIR/2024/2044,2024-03-11,residential break-in via rear window,knife,under investigation,"Hubballi-Dharwad ಪ್ರದೇಶದಲ್ಲಿ ಹಿಂಬದಿ ಕಿಟಕಿಯ ಮೂಲಕ ಮನೆ ಕಳ್ಳತನ ಘಟನೆ ವರದಿಯಾಗಿದ್ದು, ಸಮಯ ಸುಮಾರು 08:31. ಪ್ರಸ್ತುತ ಸ್ಥಿತಿ: ತನಿಖೆ ಹಂತದಲ್ಲಿ.",A case of residential break-in via rear window was registered in Hubballi-Dharwad. Incident occurred around 08:31. A knife was reportedly involved. Current status: under investigation.,LOC-9eddee38,standard
KA-2024-00176,FIR/2024/7266,2024-07-29,chain snatching using two-wheeler,none (cyber/no physical weapon),chargesheet filed,"Mysuru ಪ್ರದೇಶದಲ್ಲಿ ದ್ವಿಚಕ್ರ ವಾಹನ ಬಳಸಿ ಸರಗಳ್ಳತನ ಘಟನೆ ವರದಿಯಾಗಿದ್ದು, ಸಮಯ ಸುಮಾರು 09:09. ಪ್ರಸ್ತುತ ಸ್ಥಿತಿ: ಆರೋಪಪಟ್ಟಿ ಸಲ್ಲಿಕೆಯಾಗಿದೆ.",A case of chain snatching using two-wheeler was registered in Mysuru. Incident occurred around 09:09. No weapon was involved. Current status: chargesheet filed.,LOC-c8e888c0,standard
KA-2024-00177,FIR/2024/9664,2024-07-03,cyber fraud via phishing call,knife,closed,"Ballari ಪ್ರದೇಶದಲ್ಲಿ ಫಿಶಿಂಗ್ ಕರೆ ಮೂಲಕ ಸೈಬರ್ ವಂಚನೆ ಘಟನೆ ವರದಿಯಾಗಿದ್ದು, ಸಮಯ ಸುಮಾರು 06:57. ಪ್ರಸ್ತುತ ಸ್ಥಿತಿ: ಪ್ರಕರಣ ಮುಕ್ತಾಯ.",Complainant reported a cyber fraud via phishing call at approximately 06:57 in Ballari. A knife was reportedly involved. Case status: closed.,LOC-d4a508e1,standard
KA-2024-00178,FIR/2024/6671,2024-12-22,pickpocketing in crowded transit area,none (cyber/no physical weapon),pending forensic report,"Bengaluru Urban ಪ್ರದೇಶದಲ್ಲಿ ಜನನಿಬಿಡ ಸ್ಥಳದಲ್ಲಿ ಜೇಬುಗಳ್ಳತನ ಘಟನೆ ವರದಿಯಾಗಿದ್ದು, ಸಮಯ ಸುಮಾರು 18:29. ಪ್ರಸ್ತುತ ಸ್ಥಿತಿ: ವಿಧಿವಿಜ್ಞಾನ ವರದಿ ಬಾಕಿ.",Complainant reported a pickpocketing in crowded transit area at approximately 18:29 in Bengaluru Urban. No weapon was involved. Case status: pending forensic report.,LOC-a1b34319,standard
KA-2024-00179,FIR/2024/1550,2024-11-16,cyber fraud via fake job offer,none,chargesheet filed,Mysuru ನಲ್ಲಿ 03:16 ಸಮಯದಲ್ಲಿ ನಕಲಿ ಉದ್ಯೋಗ ನೀಡಿಕೆ ಮೂಲಕ ಸೈಬರ್ ವಂಚನೆ ಪ್ರಕರಣ ವರದಿಯಾಗಿದೆ. ಪ್ರಕರಣದ ಸ್ಥಿತಿ: ಆರೋಪಪಟ್ಟಿ ಸಲ್ಲಿಕೆಯಾಗಿದೆ.,Complainant reported a cyber fraud via fake job offer at approximately 03:16 in Mysuru. No weapon was involved. Case status: chargesheet filed.,LOC-723fe4c3,standard
KA-2024-00180,FIR/2024/4836,2024-03-28,pickpocketing in crowded transit area,knife,chargesheet filed,"Bengaluru Urban ಪ್ರದೇಶದಲ್ಲಿ ಜನನಿಬಿಡ ಸ್ಥಳದಲ್ಲಿ ಜೇಬುಗಳ್ಳತನ ಘಟನೆ ವರದಿಯಾಗಿದ್ದು, ಸಮಯ ಸುಮಾರು 16:23. ಪ್ರಸ್ತುತ ಸ್ಥಿತಿ: ಆರೋಪಪಟ್ಟಿ ಸಲ್ಲಿಕೆಯಾಗಿದೆ.",Complainant reported a pickpocketing in crowded transit area at approximately 16:23 in Bengaluru Urban. A knife was reportedly involved. Case status: chargesheet filed.,LOC-fc38ae24,standard
KA-2024-00181,FIR/2024/5923,2024-08-10,shop burglary after business hours,knife,closed,"Davanagere ಪ್ರದೇಶದಲ್ಲಿ ವ್ಯಾಪಾರದ ಸಮಯದ ನಂತರ ಅಂಗಡಿ ಕಳ್ಳತನ ಘಟನೆ ವರದಿಯಾಗಿದ್ದು, ಸಮಯ ಸುಮಾರು 13:08. ಪ್ರಸ್ತುತ ಸ್ಥಿತಿ: ಪ್ರಕರಣ ಮುಕ್ತಾಯ.",Complainant reported a shop burglary after business hours at approximately 13:08 in Davanagere. A knife was reportedly involved. Case status: closed.,LOC-87d3c340,standard
KA-2025-00182,FIR/2025/7821,2025-06-19,ATM tampering attempt,none (cyber/no physical weapon),under investigation,"Davanagere ಪ್ರದೇಶದಲ್ಲಿ ಎಟಿಎಂ ಕುತಂತ್ರ ಪ್ರಯತ್ನ ಘಟನೆ ವರದಿಯಾಗಿದ್ದು, ಸಮಯ ಸುಮಾರು 00:42. ಪ್ರಸ್ತುತ ಸ್ಥಿತಿ: ತನಿಖೆ ಹಂತದಲ್ಲಿ.",A case of ATM tampering attempt was registered in Davanagere. Incident occurred around 00:42. No weapon was involved. Current status: under investigation.,LOC-edff0fc4,standard
KA-2024-00183,FIR/2024/7761,2024-08-12,chain snatching on foot near market,knife,closed,Ballari ನಲ್ಲಿ 05:49 ಸಮಯದಲ್ಲಿ ಮಾರುಕಟ್ಟೆ ಬಳಿ ನಡೆದುಕೊಂಡು ಸರಗಳ್ಳತನ ಪ್ರಕರಣ ವರದಿಯಾಗಿದೆ. ಪ್ರಕರಣದ ಸ್ಥಿತಿ: ಪ್ರಕರಣ ಮುಕ್ತಾಯ.,A case of chain snatching on foot near market was registered in Ballari. Incident occurred around 05:49. A knife was reportedly involved. Current status: closed.,LOC-8894a6dc,standard
KA-2025-00184,FIR/2025/9775,2025-11-29,chain snatching on foot near market,blunt object,under investigation,Shivamogga ನಲ್ಲಿ 17:16 ಸಮಯದಲ್ಲಿ ಮಾರುಕಟ್ಟೆ ಬಳಿ ನಡೆದುಕೊಂಡು ಸರಗಳ್ಳತನ ಪ್ರಕರಣ ವರದಿಯಾಗಿದೆ. ಪ್ರಕರಣದ ಸ್ಥಿತಿ: ತನಿಖೆ ಹಂತದಲ್ಲಿ.,A case of chain snatching on foot near market was registered in Shivamogga. Incident occurred around 17:16. A blunt object was reportedly involved. Current status: under investigation.,LOC-c5bc5f46,standard
KA-2024-00185,FIR/2024/4422,2024-10-19,cyber fraud via fake job offer,none,under investigation,"Bengaluru Urban ಪ್ರದೇಶದಲ್ಲಿ ನಕಲಿ ಉದ್ಯೋಗ ನೀಡಿಕೆ ಮೂಲಕ ಸೈಬರ್ ವಂಚನೆ ಘಟನೆ ವರದಿಯಾಗಿದ್ದು, ಸಮಯ ಸುಮಾರು 07:14. ಪ್ರಸ್ತುತ ಸ್ಥಿತಿ: ತನಿಖೆ ಹಂತದಲ್ಲಿ.",Complainant reported a cyber fraud via fake job offer at approximately 07:14 in Bengaluru Urban. No weapon was involved. Case status: under investigation.,LOC-0a850880,standard
KA-2025-00186,FIR/2025/4921,2025-01-11,chain snatching on foot near market,none,pending forensic report,"Hubballi-Dharwad ಪ್ರದೇಶದಲ್ಲಿ ಮಾರುಕಟ್ಟೆ ಬಳಿ ನಡೆದುಕೊಂಡು ಸರಗಳ್ಳತನ ಘಟನೆ ವರದಿಯಾಗಿದ್ದು, ಸಮಯ ಸುಮಾರು 20:31. ಪ್ರಸ್ತುತ ಸ್ಥಿತಿ: ವಿಧಿವಿಜ್ಞಾನ ವರದಿ ಬಾಕಿ.",Complainant reported a chain snatching on foot near market at approximately 20:31 in Hubballi-Dharwad. No weapon was involved. Case status: pending forensic report.,LOC-abab2dbf,standard
KA-2026-00187,FIR/2026/2615,2026-03-07,chain snatching using two-wheeler,blunt object,closed,"Ballari ಪ್ರದೇಶದಲ್ಲಿ ದ್ವಿಚಕ್ರ ವಾಹನ ಬಳಸಿ ಸರಗಳ್ಳತನ ಘಟನೆ ವರದಿಯಾಗಿದ್ದು, ಸಮಯ ಸುಮಾರು 15:11. ಪ್ರಸ್ತುತ ಸ್ಥಿತಿ: ಪ್ರಕರಣ ಮುಕ್ತಾಯ.",A case of chain snatching using two-wheeler was registered in Ballari. Incident occurred around 15:11. A blunt object was reportedly involved. Current status: closed.,LOC-102cfde3,standard
KA-2025-00188,FIR/2025/3390,2025-10-05,chain snatching on foot near market,blunt object,closed,Tumakuru ನಲ್ಲಿ 00:26 ಸಮಯದಲ್ಲಿ ಮಾರುಕಟ್ಟೆ ಬಳಿ ನಡೆದುಕೊಂಡು ಸರಗಳ್ಳತನ ಪ್ರಕರಣ ವರದಿಯಾಗಿದೆ. ಪ್ರಕರಣದ ಸ್ಥಿತಿ: ಪ್ರಕರಣ ಮುಕ್ತಾಯ.,Complainant reported a chain snatching on foot near market at approximately 00:26 in Tumakuru. A blunt object was reportedly involved. Case status: closed.,LOC-7a143af2,restricted
KA-2024-00189,FIR/2024/9180,2024-12-23,two-wheeler theft from parking area,knife,closed,Davanagere ನಲ್ಲಿ 07:42 ಸಮಯದಲ್ಲಿ ಪಾರ್ಕಿಂಗ್ ಪ್ರದೇಶದಿಂದ ದ್ವಿಚಕ್ರ ವಾಹನ ಕಳ್ಳತನ ಪ್ರಕರಣ ವರದಿಯಾಗಿದೆ. ಪ್ರಕರಣದ ಸ್ಥಿತಿ: ಪ್ರಕರಣ ಮುಕ್ತಾಯ.,A case of two-wheeler theft from parking area was registered in Davanagere. Incident occurred around 07:42. A knife was reportedly involved. Current status: closed.,LOC-139cd0fb,standard
KA-2025-00190,FIR/2025/9954,2025-07-01,pickpocketing in crowded transit area,none (cyber/no physical weapon),chargesheet filed,Kalaburagi ನಲ್ಲಿ 02:04 ಸಮಯದಲ್ಲಿ ಜನನಿಬಿಡ ಸ್ಥಳದಲ್ಲಿ ಜೇಬುಗಳ್ಳತನ ಪ್ರಕರಣ ವರದಿಯಾಗಿದೆ. ಪ್ರಕರಣದ ಸ್ಥಿತಿ: ಆರೋಪಪಟ್ಟಿ ಸಲ್ಲಿಕೆಯಾಗಿದೆ.,Complainant reported a pickpocketing in crowded transit area at approximately 02:04 in Kalaburagi. No weapon was involved. Case status: chargesheet filed.,LOC-155f4b8b,standard
KA-2025-00191,FIR/2025/2113,2025-10-02,residential break-in via forced door lock,none,under investigation,Bengaluru Urban ನಲ್ಲಿ 15:05 ಸಮಯದಲ್ಲಿ ಬಾಗಿಲಿನ ಬೀಗ ಮುರಿದು ಮನೆ ಕಳ್ಳತನ ಪ್ರಕರಣ ವರದಿಯಾಗಿದೆ. ಪ್ರಕರಣದ ಸ್ಥಿತಿ: ತನಿಖೆ ಹಂತದಲ್ಲಿ.,Complainant reported a residential break-in via forced door lock at approximately 15:05 in Bengaluru Urban. No weapon was involved. Case status: under investigation.,LOC-bed5ae5e,standard
KA-2024-00192,FIR/2024/1194,2024-01-25,cyber fraud via fake job offer,none (cyber/no physical weapon),pending forensic report,"Belagavi ಪ್ರದೇಶದಲ್ಲಿ ನಕಲಿ ಉದ್ಯೋಗ ನೀಡಿಕೆ ಮೂಲಕ ಸೈಬರ್ ವಂಚನೆ ಘಟನೆ ವರದಿಯಾಗಿದ್ದು, ಸಮಯ ಸುಮಾರು 10:31. ಪ್ರಸ್ತುತ ಸ್ಥಿತಿ: ವಿಧಿವಿಜ್ಞಾನ ವರದಿ ಬಾಕಿ.",Complainant reported a cyber fraud via fake job offer at approximately 10:31 in Belagavi. No weapon was involved. Case status: pending forensic report.,LOC-d105019f,restricted
KA-2024-00193,FIR/2024/4948,2024-06-15,cyber fraud via phishing call,none (cyber/no physical weapon),chargesheet filed,Hubballi-Dharwad ನಲ್ಲಿ 05:51 ಸಮಯದಲ್ಲಿ ಫಿಶಿಂಗ್ ಕರೆ ಮೂಲಕ ಸೈಬರ್ ವಂಚನೆ ಪ್ರಕರಣ ವರದಿಯಾಗಿದೆ. ಪ್ರಕರಣದ ಸ್ಥಿತಿ: ಆರೋಪಪಟ್ಟಿ ಸಲ್ಲಿಕೆಯಾಗಿದೆ.,Complainant reported a cyber fraud via phishing call at approximately 05:51 in Hubballi-Dharwad. No weapon was involved. Case status: chargesheet filed.,LOC-2c475c2b,standard
KA-2025-00194,FIR/2025/4700,2025-09-22,ATM tampering attempt,none,closed,Hubballi-Dharwad ನಲ್ಲಿ 17:47 ಸಮಯದಲ್ಲಿ ಎಟಿಎಂ ಕುತಂತ್ರ ಪ್ರಯತ್ನ ಪ್ರಕರಣ ವರದಿಯಾಗಿದೆ. ಪ್ರಕರಣದ ಸ್ಥಿತಿ: ಪ್ರಕರಣ ಮುಕ್ತಾಯ.,A case of ATM tampering attempt was registered in Hubballi-Dharwad. Incident occurred around 17:47. No weapon was involved. Current status: closed.,LOC-026f7c02,standard
KA-2024-00195,FIR/2024/9189,2024-01-15,cyber fraud via phishing call,none (cyber/no physical weapon),under investigation,Bengaluru Urban ನಲ್ಲಿ 16:19 ಸಮಯದಲ್ಲಿ ಫಿಶಿಂಗ್ ಕರೆ ಮೂಲಕ ಸೈಬರ್ ವಂಚನೆ ಪ್ರಕರಣ ವರದಿಯಾಗಿದೆ. ಪ್ರಕರಣದ ಸ್ಥಿತಿ: ತನಿಖೆ ಹಂತದಲ್ಲಿ.,Complainant reported a cyber fraud via phishing call at approximately 16:19 in Bengaluru Urban. No weapon was involved. Case status: under investigation.,LOC-e698308f,standard
KA-2024-00196,FIR/2024/1762,2024-11-24,residential break-in via forced door lock,none,chargesheet filed,"Kalaburagi ಪ್ರದೇಶದಲ್ಲಿ ಬಾಗಿಲಿನ ಬೀಗ ಮುರಿದು ಮನೆ ಕಳ್ಳತನ ಘಟನೆ ವರದಿಯಾಗಿದ್ದು, ಸಮಯ ಸುಮಾರು 10:11. ಪ್ರಸ್ತುತ ಸ್ಥಿತಿ: ಆರೋಪಪಟ್ಟಿ ಸಲ್ಲಿಕೆಯಾಗಿದೆ.",A case of residential break-in via forced door lock was registered in Kalaburagi. Incident occurred around 10:11. No weapon was involved. Current status: chargesheet filed.,LOC-9a7c468c,standard
KA-2024-00197,FIR/2024/7525,2024-01-25,residential break-in via rear window,knife,closed,Hubballi-Dharwad ನಲ್ಲಿ 07:46 ಸಮಯದಲ್ಲಿ ಹಿಂಬದಿ ಕಿಟಕಿಯ ಮೂಲಕ ಮನೆ ಕಳ್ಳತನ ಪ್ರಕರಣ ವರದಿಯಾಗಿದೆ. ಪ್ರಕರಣದ ಸ್ಥಿತಿ: ಪ್ರಕರಣ ಮುಕ್ತಾಯ.,Complainant reported a residential break-in via rear window at approximately 07:46 in Hubballi-Dharwad. A knife was reportedly involved. Case status: closed.,LOC-abab2dbf,standard
KA-2024-00198,FIR/2024/1879,2024-08-05,ATM tampering attempt,blunt object,pending forensic report,"Mangaluru ಪ್ರದೇಶದಲ್ಲಿ ಎಟಿಎಂ ಕುತಂತ್ರ ಪ್ರಯತ್ನ ಘಟನೆ ವರದಿಯಾಗಿದ್ದು, ಸಮಯ ಸುಮಾರು 09:44. ಪ್ರಸ್ತುತ ಸ್ಥಿತಿ: ವಿಧಿವಿಜ್ಞಾನ ವರದಿ ಬಾಕಿ.",Complainant reported a ATM tampering attempt at approximately 09:44 in Mangaluru. A blunt object was reportedly involved. Case status: pending forensic report.,LOC-97a56ecd,standard
KA-2024-00199,FIR/2024/9038,2024-02-16,cyber fraud via fake job offer,none (cyber/no physical weapon),closed,"Mysuru ಪ್ರದೇಶದಲ್ಲಿ ನಕಲಿ ಉದ್ಯೋಗ ನೀಡಿಕೆ ಮೂಲಕ ಸೈಬರ್ ವಂಚನೆ ಘಟನೆ ವರದಿಯಾಗಿದ್ದು, ಸಮಯ ಸುಮಾರು 00:31. ಪ್ರಸ್ತುತ ಸ್ಥಿತಿ: ಪ್ರಕರಣ ಮುಕ್ತಾಯ.",A case of cyber fraud via fake job offer was registered in Mysuru. Incident occurred around 00:31. No weapon was involved. Current status: closed.,LOC-eace0100,standard
KA-2025-00200,FIR/2025/5390,2025-01-17,ATM tampering attempt,none,closed,Ballari ನಲ್ಲಿ 20:18 ಸಮಯದಲ್ಲಿ ಎಟಿಎಂ ಕುತಂತ್ರ ಪ್ರಯತ್ನ ಪ್ರಕರಣ ವರದಿಯಾಗಿದೆ. ಪ್ರಕರಣದ ಸ್ಥಿತಿ: ಪ್ರಕರಣ ಮುಕ್ತಾಯ.,Complainant reported a ATM tampering attempt at approximately 20:18 in Ballari. No weapon was involved. Case status: closed.,LOC-102cfde3,standard
KA-2025-00201,FIR/2025/5419,2025-04-23,residential break-in via forced door lock,none,under investigation,"Mangaluru ಪ್ರದೇಶದಲ್ಲಿ ಬಾಗಿಲಿನ ಬೀಗ ಮುರಿದು ಮನೆ ಕಳ್ಳತನ ಘಟನೆ ವರದಿಯಾಗಿದ್ದು, ಸಮಯ ಸುಮಾರು 21:02. ಪ್ರಸ್ತುತ ಸ್ಥಿತಿ: ತನಿಖೆ ಹಂತದಲ್ಲಿ.",A case of residential break-in via forced door lock was registered in Mangaluru. Incident occurred around 21:02. No weapon was involved. Current status: under investigation.,LOC-ca21c162,standard
KA-2024-00202,FIR/2024/2524,2024-02-10,cyber fraud via phishing call,none (cyber/no physical weapon),under investigation,"Mangaluru ಪ್ರದೇಶದಲ್ಲಿ ಫಿಶಿಂಗ್ ಕರೆ ಮೂಲಕ ಸೈಬರ್ ವಂಚನೆ ಘಟನೆ ವರದಿಯಾಗಿದ್ದು, ಸಮಯ ಸುಮಾರು 19:06. ಪ್ರಸ್ತುತ ಸ್ಥಿತಿ: ತನಿಖೆ ಹಂತದಲ್ಲಿ.",Complainant reported a cyber fraud via phishing call at approximately 19:06 in Mangaluru. No weapon was involved. Case status: under investigation.,LOC-2a434cf1,standard
KA-2025-00203,FIR/2025/5405,2025-08-14,residential break-in via forced door lock,knife,chargesheet filed,Ballari ನಲ್ಲಿ 10:43 ಸಮಯದಲ್ಲಿ ಬಾಗಿಲಿನ ಬೀಗ ಮುರಿದು ಮನೆ ಕಳ್ಳತನ ಪ್ರಕರಣ ವರದಿಯಾಗಿದೆ. ಪ್ರಕರಣದ ಸ್ಥಿತಿ: ಆರೋಪಪಟ್ಟಿ ಸಲ್ಲಿಕೆಯಾಗಿದೆ.,Complainant reported a residential break-in via forced door lock at approximately 10:43 in Ballari. A knife was reportedly involved. Case status: chargesheet filed.,LOC-17217a9c,standard
KA-2024-00204,FIR/2024/5040,2024-04-29,ATM tampering attempt,blunt object,pending forensic report,"Mangaluru ಪ್ರದೇಶದಲ್ಲಿ ಎಟಿಎಂ ಕುತಂತ್ರ ಪ್ರಯತ್ನ ಘಟನೆ ವರದಿಯಾಗಿದ್ದು, ಸಮಯ ಸುಮಾರು 11:50. ಪ್ರಸ್ತುತ ಸ್ಥಿತಿ: ವಿಧಿವಿಜ್ಞಾನ ವರದಿ ಬಾಕಿ.",A case of ATM tampering attempt was registered in Mangaluru. Incident occurred around 11:50. A blunt object was reportedly involved. Current status: pending forensic report.,LOC-b2d7c0a8,standard
KA-2025-00205,FIR/2025/6399,2025-09-06,two-wheeler theft from parking area,blunt object,under investigation,"Davanagere ಪ್ರದೇಶದಲ್ಲಿ ಪಾರ್ಕಿಂಗ್ ಪ್ರದೇಶದಿಂದ ದ್ವಿಚಕ್ರ ವಾಹನ ಕಳ್ಳತನ ಘಟನೆ ವರದಿಯಾಗಿದ್ದು, ಸಮಯ ಸುಮಾರು 16:27. ಪ್ರಸ್ತುತ ಸ್ಥಿತಿ: ತನಿಖೆ ಹಂತದಲ್ಲಿ.",A case of two-wheeler theft from parking area was registered in Davanagere. Incident occurred around 16:27. A blunt object was reportedly involved. Current status: under investigation.,LOC-1961fc6f,standard
KA-2024-00206,FIR/2024/5775,2024-10-02,chain snatching on foot near market,none (cyber/no physical weapon),closed,"Davanagere ಪ್ರದೇಶದಲ್ಲಿ ಮಾರುಕಟ್ಟೆ ಬಳಿ ನಡೆದುಕೊಂಡು ಸರಗಳ್ಳತನ ಘಟನೆ ವರದಿಯಾಗಿದ್ದು, ಸಮಯ ಸುಮಾರು 22:47. ಪ್ರಸ್ತುತ ಸ್ಥಿತಿ: ಪ್ರಕರಣ ಮುಕ್ತಾಯ.",A case of chain snatching on foot near market was registered in Davanagere. Incident occurred around 22:47. No weapon was involved. Current status: closed.,LOC-139cd0fb,standard
KA-2025-00207,FIR/2025/4273,2025-09-02,shop burglary after business hours,none (cyber/no physical weapon),closed,Tumakuru ನಲ್ಲಿ 09:41 ಸಮಯದಲ್ಲಿ ವ್ಯಾಪಾರದ ಸಮಯದ ನಂತರ ಅಂಗಡಿ ಕಳ್ಳತನ ಪ್ರಕರಣ ವರದಿಯಾಗಿದೆ. ಪ್ರಕರಣದ ಸ್ಥಿತಿ: ಪ್ರಕರಣ ಮುಕ್ತಾಯ.,A case of shop burglary after business hours was registered in Tumakuru. Incident occurred around 09:41. No weapon was involved. Current status: closed.,LOC-7a143af2,standard
KA-2025-00208,FIR/2025/9180,2025-03-28,pickpocketing in crowded transit area,knife,pending forensic report,"Mangaluru ಪ್ರದೇಶದಲ್ಲಿ ಜನನಿಬಿಡ ಸ್ಥಳದಲ್ಲಿ ಜೇಬುಗಳ್ಳತನ ಘಟನೆ ವರದಿಯಾಗಿದ್ದು, ಸಮಯ ಸುಮಾರು 13:36. ಪ್ರಸ್ತುತ ಸ್ಥಿತಿ: ವಿಧಿವಿಜ್ಞಾನ ವರದಿ ಬಾಕಿ.",Complainant reported a pickpocketing in crowded transit area at approximately 13:36 in Mangaluru. A knife was reportedly involved. Case status: pending forensic report.,LOC-09caf132,standard
KA-2025-00209,FIR/2025/9755,2025-11-28,ATM tampering attempt,none (cyber/no physical weapon),under investigation,"Belagavi ಪ್ರದೇಶದಲ್ಲಿ ಎಟಿಎಂ ಕುತಂತ್ರ ಪ್ರಯತ್ನ ಘಟನೆ ವರದಿಯಾಗಿದ್ದು, ಸಮಯ ಸುಮಾರು 14:25. ಪ್ರಸ್ತುತ ಸ್ಥಿತಿ: ತನಿಖೆ ಹಂತದಲ್ಲಿ.",A case of ATM tampering attempt was registered in Belagavi. Incident occurred around 14:25. No weapon was involved. Current status: under investigation.,LOC-d105019f,standard
KA-2025-00210,FIR/2025/1725,2025-01-20,shop burglary after business hours,none,under investigation,Ballari ನಲ್ಲಿ 14:43 ಸಮಯದಲ್ಲಿ ವ್ಯಾಪಾರದ ಸಮಯದ ನಂತರ ಅಂಗಡಿ ಕಳ್ಳತನ ಪ್ರಕರಣ ವರದಿಯಾಗಿದೆ. ಪ್ರಕರಣದ ಸ್ಥಿತಿ: ತನಿಖೆ ಹಂತದಲ್ಲಿ.,A case of shop burglary after business hours was registered in Ballari. Incident occurred around 14:43. No weapon was involved. Current status: under investigation.,LOC-0dfcfde7,standard
KA-2024-00211,FIR/2024/9366,2024-06-02,ATM tampering attempt,none,under investigation,Ballari ನಲ್ಲಿ 04:19 ಸಮಯದಲ್ಲಿ ಎಟಿಎಂ ಕುತಂತ್ರ ಪ್ರಯತ್ನ ಪ್ರಕರಣ ವರದಿಯಾಗಿದೆ. ಪ್ರಕರಣದ ಸ್ಥಿತಿ: ತನಿಖೆ ಹಂತದಲ್ಲಿ.,A case of ATM tampering attempt was registered in Ballari. Incident occurred around 04:19. No weapon was involved. Current status: under investigation.,LOC-8894a6dc,standard
KA-2026-00212,FIR/2026/1402,2026-02-16,shop burglary after business hours,none (cyber/no physical weapon),pending forensic report,"Davanagere ಪ್ರದೇಶದಲ್ಲಿ ವ್ಯಾಪಾರದ ಸಮಯದ ನಂತರ ಅಂಗಡಿ ಕಳ್ಳತನ ಘಟನೆ ವರದಿಯಾಗಿದ್ದು, ಸಮಯ ಸುಮಾರು 10:43. ಪ್ರಸ್ತುತ ಸ್ಥಿತಿ: ವಿಧಿವಿಜ್ಞಾನ ವರದಿ ಬಾಕಿ.",Complainant reported a shop burglary after business hours at approximately 10:43 in Davanagere. No weapon was involved. Case status: pending forensic report.,LOC-edff0fc4,standard
KA-2025-00213,FIR/2025/9537,2025-06-16,two-wheeler theft from parking area,blunt object,closed,Ballari ನಲ್ಲಿ 22:27 ಸಮಯದಲ್ಲಿ ಪಾರ್ಕಿಂಗ್ ಪ್ರದೇಶದಿಂದ ದ್ವಿಚಕ್ರ ವಾಹನ ಕಳ್ಳತನ ಪ್ರಕರಣ ವರದಿಯಾಗಿದೆ. ಪ್ರಕರಣದ ಸ್ಥಿತಿ: ಪ್ರಕರಣ ಮುಕ್ತಾಯ.,A case of two-wheeler theft from parking area was registered in Ballari. Incident occurred around 22:27. A blunt object was reportedly involved. Current status: closed.,LOC-17217a9c,standard
KA-2024-00214,FIR/2024/6620,2024-03-10,shop burglary after business hours,none,closed,Mysuru ನಲ್ಲಿ 09:54 ಸಮಯದಲ್ಲಿ ವ್ಯಾಪಾರದ ಸಮಯದ ನಂತರ ಅಂಗಡಿ ಕಳ್ಳತನ ಪ್ರಕರಣ ವರದಿಯಾಗಿದೆ. ಪ್ರಕರಣದ ಸ್ಥಿತಿ: ಪ್ರಕರಣ ಮುಕ್ತಾಯ.,Complainant reported a shop burglary after business hours at approximately 09:54 in Mysuru. No weapon was involved. Case status: closed.,LOC-723fe4c3,standard
KA-2025-00215,FIR/2025/4798,2025-05-29,cyber fraud via phishing call,knife,chargesheet filed,"Mangaluru ಪ್ರದೇಶದಲ್ಲಿ ಫಿಶಿಂಗ್ ಕರೆ ಮೂಲಕ ಸೈಬರ್ ವಂಚನೆ ಘಟನೆ ವರದಿಯಾಗಿದ್ದು, ಸಮಯ ಸುಮಾರು 04:11. ಪ್ರಸ್ತುತ ಸ್ಥಿತಿ: ಆರೋಪಪಟ್ಟಿ ಸಲ್ಲಿಕೆಯಾಗಿದೆ.",A case of cyber fraud via phishing call was registered in Mangaluru. Incident occurred around 04:11. A knife was reportedly involved. Current status: chargesheet filed.,LOC-8ac1518b,standard
KA-2025-00216,FIR/2025/1072,2025-11-29,ATM tampering attempt,none,chargesheet filed,"Mangaluru ಪ್ರದೇಶದಲ್ಲಿ ಎಟಿಎಂ ಕುತಂತ್ರ ಪ್ರಯತ್ನ ಘಟನೆ ವರದಿಯಾಗಿದ್ದು, ಸಮಯ ಸುಮಾರು 09:22. ಪ್ರಸ್ತುತ ಸ್ಥಿತಿ: ಆರೋಪಪಟ್ಟಿ ಸಲ್ಲಿಕೆಯಾಗಿದೆ.",A case of ATM tampering attempt was registered in Mangaluru. Incident occurred around 09:22. No weapon was involved. Current status: chargesheet filed.,LOC-97a56ecd,standard
KA-2025-00217,FIR/2025/8496,2025-07-22,residential break-in via forced door lock,none,chargesheet filed,Hubballi-Dharwad ನಲ್ಲಿ 05:45 ಸಮಯದಲ್ಲಿ ಬಾಗಿಲಿನ ಬೀಗ ಮುರಿದು ಮನೆ ಕಳ್ಳತನ ಪ್ರಕರಣ ವರದಿಯಾಗಿದೆ. ಪ್ರಕರಣದ ಸ್ಥಿತಿ: ಆರೋಪಪಟ್ಟಿ ಸಲ್ಲಿಕೆಯಾಗಿದೆ.,A case of residential break-in via forced door lock was registered in Hubballi-Dharwad. Incident occurred around 05:45. No weapon was involved. Current status: chargesheet filed.,LOC-4e36c192,standard
KA-2024-00218,FIR/2024/8501,2024-06-26,cyber fraud via fake job offer,none (cyber/no physical weapon),pending forensic report,"Tumakuru ಪ್ರದೇಶದಲ್ಲಿ ನಕಲಿ ಉದ್ಯೋಗ ನೀಡಿಕೆ ಮೂಲಕ ಸೈಬರ್ ವಂಚನೆ ಘಟನೆ ವರದಿಯಾಗಿದ್ದು, ಸಮಯ ಸುಮಾರು 10:52. ಪ್ರಸ್ತುತ ಸ್ಥಿತಿ: ವಿಧಿವಿಜ್ಞಾನ ವರದಿ ಬಾಕಿ.",A case of cyber fraud via fake job offer was registered in Tumakuru. Incident occurred around 10:52. No weapon was involved. Current status: pending forensic report.,LOC-98c9c0d3,standard
KA-2025-00219,FIR/2025/3999,2025-01-05,two-wheeler theft from parking area,blunt object,under investigation,Hubballi-Dharwad ನಲ್ಲಿ 14:38 ಸಮಯದಲ್ಲಿ ಪಾರ್ಕಿಂಗ್ ಪ್ರದೇಶದಿಂದ ದ್ವಿಚಕ್ರ ವಾಹನ ಕಳ್ಳತನ ಪ್ರಕರಣ ವರದಿಯಾಗಿದೆ. ಪ್ರಕರಣದ ಸ್ಥಿತಿ: ತನಿಖೆ ಹಂತದಲ್ಲಿ.,A case of two-wheeler theft from parking area was registered in Hubballi-Dharwad. Incident occurred around 14:38. A blunt object was reportedly involved. Current status: under investigation.,LOC-4b9f5b48,standard
KA-2024-00220,FIR/2024/3733,2024-10-15,cyber fraud via fake job offer,none (cyber/no physical weapon),pending forensic report,Shivamogga ನಲ್ಲಿ 13:23 ಸಮಯದಲ್ಲಿ ನಕಲಿ ಉದ್ಯೋಗ ನೀಡಿಕೆ ಮೂಲಕ ಸೈಬರ್ ವಂಚನೆ ಪ್ರಕರಣ ವರದಿಯಾಗಿದೆ. ಪ್ರಕರಣದ ಸ್ಥಿತಿ: ವಿಧಿವಿಜ್ಞಾನ ವರದಿ ಬಾಕಿ.,A case of cyber fraud via fake job offer was registered in Shivamogga. Incident occurred around 13:23. No weapon was involved. Current status: pending forensic report.,LOC-754e9341,standard
KA-2026-00221,FIR/2026/7290,2026-01-22,residential break-in via rear window,blunt object,under investigation,Mangaluru ನಲ್ಲಿ 19:31 ಸಮಯದಲ್ಲಿ ಹಿಂಬದಿ ಕಿಟಕಿಯ ಮೂಲಕ ಮನೆ ಕಳ್ಳತನ ಪ್ರಕರಣ ವರದಿಯಾಗಿದೆ. ಪ್ರಕರಣದ ಸ್ಥಿತಿ: ತನಿಖೆ ಹಂತದಲ್ಲಿ.,Complainant reported a residential break-in via rear window at approximately 19:31 in Mangaluru. A blunt object was reportedly involved. Case status: under investigation.,LOC-9173be6a,standard
KA-2024-00222,FIR/2024/5785,2024-05-08,pickpocketing in crowded transit area,none (cyber/no physical weapon),chargesheet filed,Tumakuru ನಲ್ಲಿ 10:11 ಸಮಯದಲ್ಲಿ ಜನನಿಬಿಡ ಸ್ಥಳದಲ್ಲಿ ಜೇಬುಗಳ್ಳತನ ಪ್ರಕರಣ ವರದಿಯಾಗಿದೆ. ಪ್ರಕರಣದ ಸ್ಥಿತಿ: ಆರೋಪಪಟ್ಟಿ ಸಲ್ಲಿಕೆಯಾಗಿದೆ.,Complainant reported a pickpocketing in crowded transit area at approximately 10:11 in Tumakuru. No weapon was involved. Case status: chargesheet filed.,LOC-967b3156,restricted
KA-2026-00223,FIR/2026/9898,2026-06-08,cyber fraud via fake job offer,none (cyber/no physical weapon),under investigation,"Shivamogga ಪ್ರದೇಶದಲ್ಲಿ ನಕಲಿ ಉದ್ಯೋಗ ನೀಡಿಕೆ ಮೂಲಕ ಸೈಬರ್ ವಂಚನೆ ಘಟನೆ ವರದಿಯಾಗಿದ್ದು, ಸಮಯ ಸುಮಾರು 16:19. ಪ್ರಸ್ತುತ ಸ್ಥಿತಿ: ತನಿಖೆ ಹಂತದಲ್ಲಿ.",Complainant reported a cyber fraud via fake job offer at approximately 16:19 in Shivamogga. No weapon was involved. Case status: under investigation.,LOC-9ef5308a,standard
KA-2024-00224,FIR/2024/1528,2024-06-08,pickpocketing in crowded transit area,knife,pending forensic report,"Shivamogga ಪ್ರದೇಶದಲ್ಲಿ ಜನನಿಬಿಡ ಸ್ಥಳದಲ್ಲಿ ಜೇಬುಗಳ್ಳತನ ಘಟನೆ ವರದಿಯಾಗಿದ್ದು, ಸಮಯ ಸುಮಾರು 02:21. ಪ್ರಸ್ತುತ ಸ್ಥಿತಿ: ವಿಧಿವಿಜ್ಞಾನ ವರದಿ ಬಾಕಿ.",Complainant reported a pickpocketing in crowded transit area at approximately 02:21 in Shivamogga. A knife was reportedly involved. Case status: pending forensic report.,LOC-9ef5308a,standard
KA-2025-00225,FIR/2025/4385,2025-10-27,chain snatching on foot near market,knife,closed,Mysuru ನಲ್ಲಿ 03:13 ಸಮಯದಲ್ಲಿ ಮಾರುಕಟ್ಟೆ ಬಳಿ ನಡೆದುಕೊಂಡು ಸರಗಳ್ಳತನ ಪ್ರಕರಣ ವರದಿಯಾಗಿದೆ. ಪ್ರಕರಣದ ಸ್ಥಿತಿ: ಪ್ರಕರಣ ಮುಕ್ತಾಯ.,Complainant reported a chain snatching on foot near market at approximately 03:13 in Mysuru. A knife was reportedly involved. Case status: closed.,LOC-abb83e3d,standard
KA-2025-00226,FIR/2025/9428,2025-03-30,cyber fraud via phishing call,knife,closed,"Davanagere ಪ್ರದೇಶದಲ್ಲಿ ಫಿಶಿಂಗ್ ಕರೆ ಮೂಲಕ ಸೈಬರ್ ವಂಚನೆ ಘಟನೆ ವರದಿಯಾಗಿದ್ದು, ಸಮಯ ಸುಮಾರು 14:12. ಪ್ರಸ್ತುತ ಸ್ಥಿತಿ: ಪ್ರಕರಣ ಮುಕ್ತಾಯ.",A case of cyber fraud via phishing call was registered in Davanagere. Incident occurred around 14:12. A knife was reportedly involved. Current status: closed.,LOC-139cd0fb,standard
KA-2024-00227,FIR/2024/3396,2024-07-16,ATM tampering attempt,none,closed,Mysuru ನಲ್ಲಿ 02:44 ಸಮಯದಲ್ಲಿ ಎಟಿಎಂ ಕುತಂತ್ರ ಪ್ರಯತ್ನ ಪ್ರಕರಣ ವರದಿಯಾಗಿದೆ. ಪ್ರಕರಣದ ಸ್ಥಿತಿ: ಪ್ರಕರಣ ಮುಕ್ತಾಯ.,Complainant reported a ATM tampering attempt at approximately 02:44 in Mysuru. No weapon was involved. Case status: closed.,LOC-fa94b86e,standard
KA-2025-00228,FIR/2025/7600,2025-12-03,chain snatching using two-wheeler,none (cyber/no physical weapon),pending forensic report,Ballari ನಲ್ಲಿ 03:28 ಸಮಯದಲ್ಲಿ ದ್ವಿಚಕ್ರ ವಾಹನ ಬಳಸಿ ಸರಗಳ್ಳತನ ಪ್ರಕರಣ ವರದಿಯಾಗಿದೆ. ಪ್ರಕರಣದ ಸ್ಥಿತಿ: ವಿಧಿವಿಜ್ಞಾನ ವರದಿ ಬಾಕಿ.,Complainant reported a chain snatching using two-wheeler at approximately 03:28 in Ballari. No weapon was involved. Case status: pending forensic report.,LOC-f60365ed,standard
KA-2025-00229,FIR/2025/9756,2025-12-13,cyber fraud via fake job offer,none,under investigation,Kalaburagi ನಲ್ಲಿ 04:13 ಸಮಯದಲ್ಲಿ ನಕಲಿ ಉದ್ಯೋಗ ನೀಡಿಕೆ ಮೂಲಕ ಸೈಬರ್ ವಂಚನೆ ಪ್ರಕರಣ ವರದಿಯಾಗಿದೆ. ಪ್ರಕರಣದ ಸ್ಥಿತಿ: ತನಿಖೆ ಹಂತದಲ್ಲಿ.,A case of cyber fraud via fake job offer was registered in Kalaburagi. Incident occurred around 04:13. No weapon was involved. Current status: under investigation.,LOC-9186bdc2,standard
KA-2026-00230,FIR/2026/1793,2026-05-29,chain snatching using two-wheeler,blunt object,chargesheet filed,"Belagavi ಪ್ರದೇಶದಲ್ಲಿ ದ್ವಿಚಕ್ರ ವಾಹನ ಬಳಸಿ ಸರಗಳ್ಳತನ ಘಟನೆ ವರದಿಯಾಗಿದ್ದು, ಸಮಯ ಸುಮಾರು 11:18. ಪ್ರಸ್ತುತ ಸ್ಥಿತಿ: ಆರೋಪಪಟ್ಟಿ ಸಲ್ಲಿಕೆಯಾಗಿದೆ.",A case of chain snatching using two-wheeler was registered in Belagavi. Incident occurred around 11:18. A blunt object was reportedly involved. Current status: chargesheet filed.,LOC-d9f4033d,restricted
KA-2024-00231,FIR/2024/3161,2024-01-02,two-wheeler theft from parking area,none (cyber/no physical weapon),pending forensic report,Tumakuru ನಲ್ಲಿ 01:12 ಸಮಯದಲ್ಲಿ ಪಾರ್ಕಿಂಗ್ ಪ್ರದೇಶದಿಂದ ದ್ವಿಚಕ್ರ ವಾಹನ ಕಳ್ಳತನ ಪ್ರಕರಣ ವರದಿಯಾಗಿದೆ. ಪ್ರಕರಣದ ಸ್ಥಿತಿ: ವಿಧಿವಿಜ್ಞಾನ ವರದಿ ಬಾಕಿ.,A case of two-wheeler theft from parking area was registered in Tumakuru. Incident occurred around 01:12. No weapon was involved. Current status: pending forensic report.,LOC-debddecb,standard
KA-2024-00232,FIR/2024/1848,2024-05-08,residential break-in via forced door lock,blunt object,closed,Mangaluru ನಲ್ಲಿ 00:51 ಸಮಯದಲ್ಲಿ ಬಾಗಿಲಿನ ಬೀಗ ಮುರಿದು ಮನೆ ಕಳ್ಳತನ ಪ್ರಕರಣ ವರದಿಯಾಗಿದೆ. ಪ್ರಕರಣದ ಸ್ಥಿತಿ: ಪ್ರಕರಣ ಮುಕ್ತಾಯ.,A case of residential break-in via forced door lock was registered in Mangaluru. Incident occurred around 00:51. A blunt object was reportedly involved. Current status: closed.,LOC-09caf132,standard
KA-2026-00233,FIR/2026/4705,2026-01-10,residential break-in via forced door lock,none,chargesheet filed,Belagavi ನಲ್ಲಿ 16:38 ಸಮಯದಲ್ಲಿ ಬಾಗಿಲಿನ ಬೀಗ ಮುರಿದು ಮನೆ ಕಳ್ಳತನ ಪ್ರಕರಣ ವರದಿಯಾಗಿದೆ. ಪ್ರಕರಣದ ಸ್ಥಿತಿ: ಆರೋಪಪಟ್ಟಿ ಸಲ್ಲಿಕೆಯಾಗಿದೆ.,Complainant reported a residential break-in via forced door lock at approximately 16:38 in Belagavi. No weapon was involved. Case status: chargesheet filed.,LOC-8abc449f,standard
KA-2026-00234,FIR/2026/7276,2026-01-12,residential break-in via forced door lock,none (cyber/no physical weapon),chargesheet filed,Bengaluru Urban ನಲ್ಲಿ 01:57 ಸಮಯದಲ್ಲಿ ಬಾಗಿಲಿನ ಬೀಗ ಮುರಿದು ಮನೆ ಕಳ್ಳತನ ಪ್ರಕರಣ ವರದಿಯಾಗಿದೆ. ಪ್ರಕರಣದ ಸ್ಥಿತಿ: ಆರೋಪಪಟ್ಟಿ ಸಲ್ಲಿಕೆಯಾಗಿದೆ.,Complainant reported a residential break-in via forced door lock at approximately 01:57 in Bengaluru Urban. No weapon was involved. Case status: chargesheet filed.,LOC-f22e7bd7,standard
KA-2024-00235,FIR/2024/3688,2024-08-09,two-wheeler theft from parking area,none (cyber/no physical weapon),chargesheet filed,Mysuru ನಲ್ಲಿ 21:56 ಸಮಯದಲ್ಲಿ ಪಾರ್ಕಿಂಗ್ ಪ್ರದೇಶದಿಂದ ದ್ವಿಚಕ್ರ ವಾಹನ ಕಳ್ಳತನ ಪ್ರಕರಣ ವರದಿಯಾಗಿದೆ. ಪ್ರಕರಣದ ಸ್ಥಿತಿ: ಆರೋಪಪಟ್ಟಿ ಸಲ್ಲಿಕೆಯಾಗಿದೆ.,Complainant reported a two-wheeler theft from parking area at approximately 21:56 in Mysuru. No weapon was involved. Case status: chargesheet filed.,LOC-0d0f32f2,standard
KA-2024-00236,FIR/2024/3017,2024-05-14,ATM tampering attempt,none (cyber/no physical weapon),chargesheet filed,Belagavi ನಲ್ಲಿ 15:57 ಸಮಯದಲ್ಲಿ ಎಟಿಎಂ ಕುತಂತ್ರ ಪ್ರಯತ್ನ ಪ್ರಕರಣ ವರದಿಯಾಗಿದೆ. ಪ್ರಕರಣದ ಸ್ಥಿತಿ: ಆರೋಪಪಟ್ಟಿ ಸಲ್ಲಿಕೆಯಾಗಿದೆ.,Complainant reported a ATM tampering attempt at approximately 15:57 in Belagavi. No weapon was involved. Case status: chargesheet filed.,LOC-28067e4f,standard
KA-2024-00237,FIR/2024/1439,2024-05-10,two-wheeler theft from parking area,knife,closed,"Kalaburagi ಪ್ರದೇಶದಲ್ಲಿ ಪಾರ್ಕಿಂಗ್ ಪ್ರದೇಶದಿಂದ ದ್ವಿಚಕ್ರ ವಾಹನ ಕಳ್ಳತನ ಘಟನೆ ವರದಿಯಾಗಿದ್ದು, ಸಮಯ ಸುಮಾರು 21:01. ಪ್ರಸ್ತುತ ಸ್ಥಿತಿ: ಪ್ರಕರಣ ಮುಕ್ತಾಯ.",Complainant reported a two-wheeler theft from parking area at approximately 21:01 in Kalaburagi. A knife was reportedly involved. Case status: closed.,LOC-9a7c468c,standard
KA-2024-00238,FIR/2024/7322,2024-03-25,chain snatching on foot near market,none (cyber/no physical weapon),closed,"Hubballi-Dharwad ಪ್ರದೇಶದಲ್ಲಿ ಮಾರುಕಟ್ಟೆ ಬಳಿ ನಡೆದುಕೊಂಡು ಸರಗಳ್ಳತನ ಘಟನೆ ವರದಿಯಾಗಿದ್ದು, ಸಮಯ ಸುಮಾರು 18:29. ಪ್ರಸ್ತುತ ಸ್ಥಿತಿ: ಪ್ರಕರಣ ಮುಕ್ತಾಯ.",Complainant reported a chain snatching on foot near market at approximately 18:29 in Hubballi-Dharwad. No weapon was involved. Case status: closed.,LOC-c76be2fe,standard
KA-2024-00239,FIR/2024/6986,2024-07-24,residential break-in via rear window,blunt object,closed,"Davanagere ಪ್ರದೇಶದಲ್ಲಿ ಹಿಂಬದಿ ಕಿಟಕಿಯ ಮೂಲಕ ಮನೆ ಕಳ್ಳತನ ಘಟನೆ ವರದಿಯಾಗಿದ್ದು, ಸಮಯ ಸುಮಾರು 00:40. ಪ್ರಸ್ತುತ ಸ್ಥಿತಿ: ಪ್ರಕರಣ ಮುಕ್ತಾಯ.",A case of residential break-in via rear window was registered in Davanagere. Incident occurred around 00:40. A blunt object was reportedly involved. Current status: closed.,LOC-a7db6519,standard
KA-2025-00240,FIR/2025/1990,2025-02-11,residential break-in via rear window,none,under investigation,Tumakuru ನಲ್ಲಿ 06:58 ಸಮಯದಲ್ಲಿ ಹಿಂಬದಿ ಕಿಟಕಿಯ ಮೂಲಕ ಮನೆ ಕಳ್ಳತನ ಪ್ರಕರಣ ವರದಿಯಾಗಿದೆ. ಪ್ರಕರಣದ ಸ್ಥಿತಿ: ತನಿಖೆ ಹಂತದಲ್ಲಿ.,Complainant reported a residential break-in via rear window at approximately 06:58 in Tumakuru. No weapon was involved. Case status: under investigation.,LOC-635818c2,standard
KA-2024-00241,FIR/2024/2369,2024-05-08,ATM tampering attempt,none (cyber/no physical weapon),pending forensic report,"Shivamogga ಪ್ರದೇಶದಲ್ಲಿ ಎಟಿಎಂ ಕುತಂತ್ರ ಪ್ರಯತ್ನ ಘಟನೆ ವರದಿಯಾಗಿದ್ದು, ಸಮಯ ಸುಮಾರು 01:07. ಪ್ರಸ್ತುತ ಸ್ಥಿತಿ: ವಿಧಿವಿಜ್ಞಾನ ವರದಿ ಬಾಕಿ.",Complainant reported a ATM tampering attempt at approximately 01:07 in Shivamogga. No weapon was involved. Case status: pending forensic report.,LOC-75e32a72,standard
KA-2025-00242,FIR/2025/1948,2025-04-26,shop burglary after business hours,none (cyber/no physical weapon),under investigation,Belagavi ನಲ್ಲಿ 19:57 ಸಮಯದಲ್ಲಿ ವ್ಯಾಪಾರದ ಸಮಯದ ನಂತರ ಅಂಗಡಿ ಕಳ್ಳತನ ಪ್ರಕರಣ ವರದಿಯಾಗಿದೆ. ಪ್ರಕರಣದ ಸ್ಥಿತಿ: ತನಿಖೆ ಹಂತದಲ್ಲಿ.,A case of shop burglary after business hours was registered in Belagavi. Incident occurred around 19:57. No weapon was involved. Current status: under investigation.,LOC-28067e4f,standard
KA-2024-00243,FIR/2024/3684,2024-01-20,chain snatching using two-wheeler,knife,under investigation,Mysuru ನಲ್ಲಿ 16:11 ಸಮಯದಲ್ಲಿ ದ್ವಿಚಕ್ರ ವಾಹನ ಬಳಸಿ ಸರಗಳ್ಳತನ ಪ್ರಕರಣ ವರದಿಯಾಗಿದೆ. ಪ್ರಕರಣದ ಸ್ಥಿತಿ: ತನಿಖೆ ಹಂತದಲ್ಲಿ.,Complainant reported a chain snatching using two-wheeler at approximately 16:11 in Mysuru. A knife was reportedly involved. Case status: under investigation.,LOC-395bdba4,standard
KA-2024-00244,FIR/2024/1480,2024-07-16,chain snatching using two-wheeler,knife,closed,Shivamogga ನಲ್ಲಿ 04:18 ಸಮಯದಲ್ಲಿ ದ್ವಿಚಕ್ರ ವಾಹನ ಬಳಸಿ ಸರಗಳ್ಳತನ ಪ್ರಕರಣ ವರದಿಯಾಗಿದೆ. ಪ್ರಕರಣದ ಸ್ಥಿತಿ: ಪ್ರಕರಣ ಮುಕ್ತಾಯ.,A case of chain snatching using two-wheeler was registered in Shivamogga. Incident occurred around 04:18. A knife was reportedly involved. Current status: closed.,LOC-56d22747,standard
KA-2025-00245,FIR/2025/9185,2025-12-08,cyber fraud via fake job offer,none,pending forensic report,Hubballi-Dharwad ನಲ್ಲಿ 03:00 ಸಮಯದಲ್ಲಿ ನಕಲಿ ಉದ್ಯೋಗ ನೀಡಿಕೆ ಮೂಲಕ ಸೈಬರ್ ವಂಚನೆ ಪ್ರಕರಣ ವರದಿಯಾಗಿದೆ. ಪ್ರಕರಣದ ಸ್ಥಿತಿ: ವಿಧಿವಿಜ್ಞಾನ ವರದಿ ಬಾಕಿ.,A case of cyber fraud via fake job offer was registered in Hubballi-Dharwad. Incident occurred around 03:00. No weapon was involved. Current status: pending forensic report.,LOC-4b9f5b48,standard
KA-2026-00246,FIR/2026/1201,2026-03-01,cyber fraud via fake job offer,none,chargesheet filed,Kalaburagi ನಲ್ಲಿ 10:22 ಸಮಯದಲ್ಲಿ ನಕಲಿ ಉದ್ಯೋಗ ನೀಡಿಕೆ ಮೂಲಕ ಸೈಬರ್ ವಂಚನೆ ಪ್ರಕರಣ ವರದಿಯಾಗಿದೆ. ಪ್ರಕರಣದ ಸ್ಥಿತಿ: ಆರೋಪಪಟ್ಟಿ ಸಲ್ಲಿಕೆಯಾಗಿದೆ.,Complainant reported a cyber fraud via fake job offer at approximately 10:22 in Kalaburagi. No weapon was involved. Case status: chargesheet filed.,LOC-62209f35,standard
KA-2025-00247,FIR/2025/6241,2025-05-14,residential break-in via rear window,none (cyber/no physical weapon),chargesheet filed,"Kalaburagi ಪ್ರದೇಶದಲ್ಲಿ ಹಿಂಬದಿ ಕಿಟಕಿಯ ಮೂಲಕ ಮನೆ ಕಳ್ಳತನ ಘಟನೆ ವರದಿಯಾಗಿದ್ದು, ಸಮಯ ಸುಮಾರು 21:38. ಪ್ರಸ್ತುತ ಸ್ಥಿತಿ: ಆರೋಪಪಟ್ಟಿ ಸಲ್ಲಿಕೆಯಾಗಿದೆ.",Complainant reported a residential break-in via rear window at approximately 21:38 in Kalaburagi. No weapon was involved. Case status: chargesheet filed.,LOC-3ef1929e,standard
KA-2026-00248,FIR/2026/2129,2026-03-12,residential break-in via rear window,knife,chargesheet filed,"Davanagere ಪ್ರದೇಶದಲ್ಲಿ ಹಿಂಬದಿ ಕಿಟಕಿಯ ಮೂಲಕ ಮನೆ ಕಳ್ಳತನ ಘಟನೆ ವರದಿಯಾಗಿದ್ದು, ಸಮಯ ಸುಮಾರು 05:27. ಪ್ರಸ್ತುತ ಸ್ಥಿತಿ: ಆರೋಪಪಟ್ಟಿ ಸಲ್ಲಿಕೆಯಾಗಿದೆ.",Complainant reported a residential break-in via rear window at approximately 05:27 in Davanagere. A knife was reportedly involved. Case status: chargesheet filed.,LOC-edff0fc4,standard
KA-2025-00249,FIR/2025/8600,2025-03-28,residential break-in via rear window,blunt object,chargesheet filed,Hubballi-Dharwad ನಲ್ಲಿ 23:27 ಸಮಯದಲ್ಲಿ ಹಿಂಬದಿ ಕಿಟಕಿಯ ಮೂಲಕ ಮನೆ ಕಳ್ಳತನ ಪ್ರಕರಣ ವರದಿಯಾಗಿದೆ. ಪ್ರಕರಣದ ಸ್ಥಿತಿ: ಆರೋಪಪಟ್ಟಿ ಸಲ್ಲಿಕೆಯಾಗಿದೆ.,A case of residential break-in via rear window was registered in Hubballi-Dharwad. Incident occurred around 23:27. A blunt object was reportedly involved. Current status: chargesheet filed.,LOC-c76be2fe,standard
KA-2025-00250,FIR/2025/9872,2025-09-28,chain snatching on foot near market,knife,under investigation,Belagavi ನಲ್ಲಿ 23:15 ಸಮಯದಲ್ಲಿ ಮಾರುಕಟ್ಟೆ ಬಳಿ ನಡೆದುಕೊಂಡು ಸರಗಳ್ಳತನ ಪ್ರಕರಣ ವರದಿಯಾಗಿದೆ. ಪ್ರಕರಣದ ಸ್ಥಿತಿ: ತನಿಖೆ ಹಂತದಲ್ಲಿ.,Complainant reported a chain snatching on foot near market at approximately 23:15 in Belagavi. A knife was reportedly involved. Case status: under investigation.,LOC-d105019f,standard
KA-2024-00251,FIR/2024/9061,2024-11-14,ATM tampering attempt,blunt object,under investigation,"Bengaluru Urban ಪ್ರದೇಶದಲ್ಲಿ ಎಟಿಎಂ ಕುತಂತ್ರ ಪ್ರಯತ್ನ ಘಟನೆ ವರದಿಯಾಗಿದ್ದು, ಸಮಯ ಸುಮಾರು 18:12. ಪ್ರಸ್ತುತ ಸ್ಥಿತಿ: ತನಿಖೆ ಹಂತದಲ್ಲಿ.",Complainant reported a ATM tampering attempt at approximately 18:12 in Bengaluru Urban. A blunt object was reportedly involved. Case status: under investigation.,LOC-e35ce1d9,standard
KA-2025-00252,FIR/2025/9280,2025-12-13,cyber fraud via phishing call,none (cyber/no physical weapon),closed,Hubballi-Dharwad ನಲ್ಲಿ 04:33 ಸಮಯದಲ್ಲಿ ಫಿಶಿಂಗ್ ಕರೆ ಮೂಲಕ ಸೈಬರ್ ವಂಚನೆ ಪ್ರಕರಣ ವರದಿಯಾಗಿದೆ. ಪ್ರಕರಣದ ಸ್ಥಿತಿ: ಪ್ರಕರಣ ಮುಕ್ತಾಯ.,Complainant reported a cyber fraud via phishing call at approximately 04:33 in Hubballi-Dharwad. No weapon was involved. Case status: closed.,LOC-6728d136,standard
KA-2025-00253,FIR/2025/6345,2025-02-09,two-wheeler theft from parking area,knife,closed,"Mysuru ಪ್ರದೇಶದಲ್ಲಿ ಪಾರ್ಕಿಂಗ್ ಪ್ರದೇಶದಿಂದ ದ್ವಿಚಕ್ರ ವಾಹನ ಕಳ್ಳತನ ಘಟನೆ ವರದಿಯಾಗಿದ್ದು, ಸಮಯ ಸುಮಾರು 10:26. ಪ್ರಸ್ತುತ ಸ್ಥಿತಿ: ಪ್ರಕರಣ ಮುಕ್ತಾಯ.",A case of two-wheeler theft from parking area was registered in Mysuru. Incident occurred around 10:26. A knife was reportedly involved. Current status: closed.,LOC-efc8be33,standard
KA-2024-00254,FIR/2024/8635,2024-06-13,cyber fraud via fake job offer,none,chargesheet filed,"Belagavi ಪ್ರದೇಶದಲ್ಲಿ ನಕಲಿ ಉದ್ಯೋಗ ನೀಡಿಕೆ ಮೂಲಕ ಸೈಬರ್ ವಂಚನೆ ಘಟನೆ ವರದಿಯಾಗಿದ್ದು, ಸಮಯ ಸುಮಾರು 03:12. ಪ್ರಸ್ತುತ ಸ್ಥಿತಿ: ಆರೋಪಪಟ್ಟಿ ಸಲ್ಲಿಕೆಯಾಗಿದೆ.",Complainant reported a cyber fraud via fake job offer at approximately 03:12 in Belagavi. No weapon was involved. Case status: chargesheet filed.,LOC-e167733d,standard
KA-2025-00255,FIR/2025/3582,2025-02-15,pickpocketing in crowded transit area,blunt object,pending forensic report,Shivamogga ನಲ್ಲಿ 16:12 ಸಮಯದಲ್ಲಿ ಜನನಿಬಿಡ ಸ್ಥಳದಲ್ಲಿ ಜೇಬುಗಳ್ಳತನ ಪ್ರಕರಣ ವರದಿಯಾಗಿದೆ. ಪ್ರಕರಣದ ಸ್ಥಿತಿ: ವಿಧಿವಿಜ್ಞಾನ ವರದಿ ಬಾಕಿ.,Complainant reported a pickpocketing in crowded transit area at approximately 16:12 in Shivamogga. A blunt object was reportedly involved. Case status: pending forensic report.,LOC-c21c2fe1,standard
KA-2025-00256,FIR/2025/9412,2025-01-20,shop burglary after business hours,knife,under investigation,"Davanagere ಪ್ರದೇಶದಲ್ಲಿ ವ್ಯಾಪಾರದ ಸಮಯದ ನಂತರ ಅಂಗಡಿ ಕಳ್ಳತನ ಘಟನೆ ವರದಿಯಾಗಿದ್ದು, ಸಮಯ ಸುಮಾರು 14:16. ಪ್ರಸ್ತುತ ಸ್ಥಿತಿ: ತನಿಖೆ ಹಂತದಲ್ಲಿ.",A case of shop burglary after business hours was registered in Davanagere. Incident occurred around 14:16. A knife was reportedly involved. Current status: under investigation.,LOC-edff0fc4,restricted
KA-2024-00257,FIR/2024/3290,2024-05-27,ATM tampering attempt,none (cyber/no physical weapon),chargesheet filed,Hubballi-Dharwad ನಲ್ಲಿ 03:36 ಸಮಯದಲ್ಲಿ ಎಟಿಎಂ ಕುತಂತ್ರ ಪ್ರಯತ್ನ ಪ್ರಕರಣ ವರದಿಯಾಗಿದೆ. ಪ್ರಕರಣದ ಸ್ಥಿತಿ: ಆರೋಪಪಟ್ಟಿ ಸಲ್ಲಿಕೆಯಾಗಿದೆ.,A case of ATM tampering attempt was registered in Hubballi-Dharwad. Incident occurred around 03:36. No weapon was involved. Current status: chargesheet filed.,LOC-9eddee38,standard
KA-2024-00258,FIR/2024/4239,2024-04-26,shop burglary after business hours,none,closed,Belagavi ನಲ್ಲಿ 11:43 ಸಮಯದಲ್ಲಿ ವ್ಯಾಪಾರದ ಸಮಯದ ನಂತರ ಅಂಗಡಿ ಕಳ್ಳತನ ಪ್ರಕರಣ ವರದಿಯಾಗಿದೆ. ಪ್ರಕರಣದ ಸ್ಥಿತಿ: ಪ್ರಕರಣ ಮುಕ್ತಾಯ.,Complainant reported a shop burglary after business hours at approximately 11:43 in Belagavi. No weapon was involved. Case status: closed.,LOC-8abc449f,standard
KA-2025-00259,FIR/2025/8096,2025-12-17,shop burglary after business hours,none,under investigation,Mangaluru ನಲ್ಲಿ 03:08 ಸಮಯದಲ್ಲಿ ವ್ಯಾಪಾರದ ಸಮಯದ ನಂತರ ಅಂಗಡಿ ಕಳ್ಳತನ ಪ್ರಕರಣ ವರದಿಯಾಗಿದೆ. ಪ್ರಕರಣದ ಸ್ಥಿತಿ: ತನಿಖೆ ಹಂತದಲ್ಲಿ.,Complainant reported a shop burglary after business hours at approximately 03:08 in Mangaluru. No weapon was involved. Case status: under investigation.,LOC-485742ff,standard
KA-2024-00260,FIR/2024/8307,2024-10-17,two-wheeler theft from parking area,blunt object,chargesheet filed,"Tumakuru ಪ್ರದೇಶದಲ್ಲಿ ಪಾರ್ಕಿಂಗ್ ಪ್ರದೇಶದಿಂದ ದ್ವಿಚಕ್ರ ವಾಹನ ಕಳ್ಳತನ ಘಟನೆ ವರದಿಯಾಗಿದ್ದು, ಸಮಯ ಸುಮಾರು 17:29. ಪ್ರಸ್ತುತ ಸ್ಥಿತಿ: ಆರೋಪಪಟ್ಟಿ ಸಲ್ಲಿಕೆಯಾಗಿದೆ.",A case of two-wheeler theft from parking area was registered in Tumakuru. Incident occurred around 17:29. A blunt object was reportedly involved. Current status: chargesheet filed.,LOC-fe68a7f0,standard
KA-2026-00261,FIR/2026/2437,2026-05-05,chain snatching using two-wheeler,none (cyber/no physical weapon),pending forensic report,Davanagere ನಲ್ಲಿ 11:09 ಸಮಯದಲ್ಲಿ ದ್ವಿಚಕ್ರ ವಾಹನ ಬಳಸಿ ಸರಗಳ್ಳತನ ಪ್ರಕರಣ ವರದಿಯಾಗಿದೆ. ಪ್ರಕರಣದ ಸ್ಥಿತಿ: ವಿಧಿವಿಜ್ಞಾನ ವರದಿ ಬಾಕಿ.,A case of chain snatching using two-wheeler was registered in Davanagere. Incident occurred around 11:09. No weapon was involved. Current status: pending forensic report.,LOC-a7db6519,standard
KA-2025-00262,FIR/2025/9921,2025-08-17,cyber fraud via phishing call,knife,under investigation,"Ballari ಪ್ರದೇಶದಲ್ಲಿ ಫಿಶಿಂಗ್ ಕರೆ ಮೂಲಕ ಸೈಬರ್ ವಂಚನೆ ಘಟನೆ ವರದಿಯಾಗಿದ್ದು, ಸಮಯ ಸುಮಾರು 04:33. ಪ್ರಸ್ತುತ ಸ್ಥಿತಿ: ತನಿಖೆ ಹಂತದಲ್ಲಿ.",A case of cyber fraud via phishing call was registered in Ballari. Incident occurred around 04:33. A knife was reportedly involved. Current status: under investigation.,LOC-42b2061e,standard
KA-2024-00263,FIR/2024/1959,2024-12-06,two-wheeler theft from parking area,none,closed,"Davanagere ಪ್ರದೇಶದಲ್ಲಿ ಪಾರ್ಕಿಂಗ್ ಪ್ರದೇಶದಿಂದ ದ್ವಿಚಕ್ರ ವಾಹನ ಕಳ್ಳತನ ಘಟನೆ ವರದಿಯಾಗಿದ್ದು, ಸಮಯ ಸುಮಾರು 05:39. ಪ್ರಸ್ತುತ ಸ್ಥಿತಿ: ಪ್ರಕರಣ ಮುಕ್ತಾಯ.",Complainant reported a two-wheeler theft from parking area at approximately 05:39 in Davanagere. No weapon was involved. Case status: closed.,LOC-d2f3bf9e,standard
KA-2025-00264,FIR/2025/9743,2025-01-20,chain snatching on foot near market,knife,under investigation,"Shivamogga ಪ್ರದೇಶದಲ್ಲಿ ಮಾರುಕಟ್ಟೆ ಬಳಿ ನಡೆದುಕೊಂಡು ಸರಗಳ್ಳತನ ಘಟನೆ ವರದಿಯಾಗಿದ್ದು, ಸಮಯ ಸುಮಾರು 00:46. ಪ್ರಸ್ತುತ ಸ್ಥಿತಿ: ತನಿಖೆ ಹಂತದಲ್ಲಿ.",Complainant reported a chain snatching on foot near market at approximately 00:46 in Shivamogga. A knife was reportedly involved. Case status: under investigation.,LOC-28072b01,standard
KA-2024-00265,FIR/2024/6210,2024-09-26,cyber fraud via fake job offer,none (cyber/no physical weapon),closed,Bengaluru Urban ನಲ್ಲಿ 20:27 ಸಮಯದಲ್ಲಿ ನಕಲಿ ಉದ್ಯೋಗ ನೀಡಿಕೆ ಮೂಲಕ ಸೈಬರ್ ವಂಚನೆ ಪ್ರಕರಣ ವರದಿಯಾಗಿದೆ. ಪ್ರಕರಣದ ಸ್ಥಿತಿ: ಪ್ರಕರಣ ಮುಕ್ತಾಯ.,Complainant reported a cyber fraud via fake job offer at approximately 20:27 in Bengaluru Urban. No weapon was involved. Case status: closed.,LOC-fc38ae24,standard
KA-2026-00266,FIR/2026/9035,2026-02-03,shop burglary after business hours,knife,chargesheet filed,Kalaburagi ನಲ್ಲಿ 15:32 ಸಮಯದಲ್ಲಿ ವ್ಯಾಪಾರದ ಸಮಯದ ನಂತರ ಅಂಗಡಿ ಕಳ್ಳತನ ಪ್ರಕರಣ ವರದಿಯಾಗಿದೆ. ಪ್ರಕರಣದ ಸ್ಥಿತಿ: ಆರೋಪಪಟ್ಟಿ ಸಲ್ಲಿಕೆಯಾಗಿದೆ.,A case of shop burglary after business hours was registered in Kalaburagi. Incident occurred around 15:32. A knife was reportedly involved. Current status: chargesheet filed.,LOC-72cf862a,restricted
KA-2024-00267,FIR/2024/3907,2024-11-08,pickpocketing in crowded transit area,none,closed,"Belagavi ಪ್ರದೇಶದಲ್ಲಿ ಜನನಿಬಿಡ ಸ್ಥಳದಲ್ಲಿ ಜೇಬುಗಳ್ಳತನ ಘಟನೆ ವರದಿಯಾಗಿದ್ದು, ಸಮಯ ಸುಮಾರು 23:08. ಪ್ರಸ್ತುತ ಸ್ಥಿತಿ: ಪ್ರಕರಣ ಮುಕ್ತಾಯ.",Complainant reported a pickpocketing in crowded transit area at approximately 23:08 in Belagavi. No weapon was involved. Case status: closed.,LOC-9963984c,standard
KA-2024-00268,FIR/2024/2655,2024-04-22,two-wheeler theft from parking area,none,closed,"Bengaluru Urban ಪ್ರದೇಶದಲ್ಲಿ ಪಾರ್ಕಿಂಗ್ ಪ್ರದೇಶದಿಂದ ದ್ವಿಚಕ್ರ ವಾಹನ ಕಳ್ಳತನ ಘಟನೆ ವರದಿಯಾಗಿದ್ದು, ಸಮಯ ಸುಮಾರು 16:10. ಪ್ರಸ್ತುತ ಸ್ಥಿತಿ: ಪ್ರಕರಣ ಮುಕ್ತಾಯ.",A case of two-wheeler theft from parking area was registered in Bengaluru Urban. Incident occurred around 16:10. No weapon was involved. Current status: closed.,LOC-0a850880,standard
KA-2024-00269,FIR/2024/3872,2024-09-27,ATM tampering attempt,none (cyber/no physical weapon),closed,Mangaluru ನಲ್ಲಿ 14:44 ಸಮಯದಲ್ಲಿ ಎಟಿಎಂ ಕುತಂತ್ರ ಪ್ರಯತ್ನ ಪ್ರಕರಣ ವರದಿಯಾಗಿದೆ. ಪ್ರಕರಣದ ಸ್ಥಿತಿ: ಪ್ರಕರಣ ಮುಕ್ತಾಯ.,A case of ATM tampering attempt was registered in Mangaluru. Incident occurred around 14:44. No weapon was involved. Current status: closed.,LOC-2bfc8cd0,standard
KA-2024-00270,FIR/2024/2705,2024-10-09,cyber fraud via fake job offer,none (cyber/no physical weapon),under investigation,Hubballi-Dharwad ನಲ್ಲಿ 20:29 ಸಮಯದಲ್ಲಿ ನಕಲಿ ಉದ್ಯೋಗ ನೀಡಿಕೆ ಮೂಲಕ ಸೈಬರ್ ವಂಚನೆ ಪ್ರಕರಣ ವರದಿಯಾಗಿದೆ. ಪ್ರಕರಣದ ಸ್ಥಿತಿ: ತನಿಖೆ ಹಂತದಲ್ಲಿ.,A case of cyber fraud via fake job offer was registered in Hubballi-Dharwad. Incident occurred around 20:29. No weapon was involved. Current status: under investigation.,LOC-4b9f5b48,standard
KA-2025-00271,FIR/2025/5345,2025-06-05,shop burglary after business hours,knife,under investigation,Kalaburagi ನಲ್ಲಿ 13:38 ಸಮಯದಲ್ಲಿ ವ್ಯಾಪಾರದ ಸಮಯದ ನಂತರ ಅಂಗಡಿ ಕಳ್ಳತನ ಪ್ರಕರಣ ವರದಿಯಾಗಿದೆ. ಪ್ರಕರಣದ ಸ್ಥಿತಿ: ತನಿಖೆ ಹಂತದಲ್ಲಿ.,A case of shop burglary after business hours was registered in Kalaburagi. Incident occurred around 13:38. A knife was reportedly involved. Current status: under investigation.,LOC-8e05bd52,standard
KA-2025-00272,FIR/2025/7783,2025-11-11,residential break-in via rear window,none,pending forensic report,Mysuru ನಲ್ಲಿ 18:01 ಸಮಯದಲ್ಲಿ ಹಿಂಬದಿ ಕಿಟಕಿಯ ಮೂಲಕ ಮನೆ ಕಳ್ಳತನ ಪ್ರಕರಣ ವರದಿಯಾಗಿದೆ. ಪ್ರಕರಣದ ಸ್ಥಿತಿ: ವಿಧಿವಿಜ್ಞಾನ ವರದಿ ಬಾಕಿ.,A case of residential break-in via rear window was registered in Mysuru. Incident occurred around 18:01. No weapon was involved. Current status: pending forensic report.,LOC-c8e888c0,standard
KA-2025-00273,FIR/2025/5831,2025-12-02,pickpocketing in crowded transit area,knife,chargesheet filed,Kalaburagi ನಲ್ಲಿ 01:12 ಸಮಯದಲ್ಲಿ ಜನನಿಬಿಡ ಸ್ಥಳದಲ್ಲಿ ಜೇಬುಗಳ್ಳತನ ಪ್ರಕರಣ ವರದಿಯಾಗಿದೆ. ಪ್ರಕರಣದ ಸ್ಥಿತಿ: ಆರೋಪಪಟ್ಟಿ ಸಲ್ಲಿಕೆಯಾಗಿದೆ.,Complainant reported a pickpocketing in crowded transit area at approximately 01:12 in Kalaburagi. A knife was reportedly involved. Case status: chargesheet filed.,LOC-01faf156,restricted
KA-2026-00274,FIR/2026/8909,2026-04-29,ATM tampering attempt,knife,under investigation,"Mysuru ಪ್ರದೇಶದಲ್ಲಿ ಎಟಿಎಂ ಕುತಂತ್ರ ಪ್ರಯತ್ನ ಘಟನೆ ವರದಿಯಾಗಿದ್ದು, ಸಮಯ ಸುಮಾರು 19:21. ಪ್ರಸ್ತುತ ಸ್ಥಿತಿ: ತನಿಖೆ ಹಂತದಲ್ಲಿ.",Complainant reported a ATM tampering attempt at approximately 19:21 in Mysuru. A knife was reportedly involved. Case status: under investigation.,LOC-c8e888c0,standard
KA-2024-00275,FIR/2024/9849,2024-11-15,residential break-in via rear window,none,closed,"Mangaluru ಪ್ರದೇಶದಲ್ಲಿ ಹಿಂಬದಿ ಕಿಟಕಿಯ ಮೂಲಕ ಮನೆ ಕಳ್ಳತನ ಘಟನೆ ವರದಿಯಾಗಿದ್ದು, ಸಮಯ ಸುಮಾರು 07:28. ಪ್ರಸ್ತುತ ಸ್ಥಿತಿ: ಪ್ರಕರಣ ಮುಕ್ತಾಯ.",Complainant reported a residential break-in via rear window at approximately 07:28 in Mangaluru. No weapon was involved. Case status: closed.,LOC-09caf132,standard
KA-2024-00276,FIR/2024/8005,2024-03-25,cyber fraud via fake job offer,none (cyber/no physical weapon),chargesheet filed,Hubballi-Dharwad ನಲ್ಲಿ 16:05 ಸಮಯದಲ್ಲಿ ನಕಲಿ ಉದ್ಯೋಗ ನೀಡಿಕೆ ಮೂಲಕ ಸೈಬರ್ ವಂಚನೆ ಪ್ರಕರಣ ವರದಿಯಾಗಿದೆ. ಪ್ರಕರಣದ ಸ್ಥಿತಿ: ಆರೋಪಪಟ್ಟಿ ಸಲ್ಲಿಕೆಯಾಗಿದೆ.,A case of cyber fraud via fake job offer was registered in Hubballi-Dharwad. Incident occurred around 16:05. No weapon was involved. Current status: chargesheet filed.,LOC-4e36c192,standard
KA-2024-00277,FIR/2024/6052,2024-05-07,chain snatching on foot near market,knife,closed,Davanagere ನಲ್ಲಿ 06:47 ಸಮಯದಲ್ಲಿ ಮಾರುಕಟ್ಟೆ ಬಳಿ ನಡೆದುಕೊಂಡು ಸರಗಳ್ಳತನ ಪ್ರಕರಣ ವರದಿಯಾಗಿದೆ. ಪ್ರಕರಣದ ಸ್ಥಿತಿ: ಪ್ರಕರಣ ಮುಕ್ತಾಯ.,A case of chain snatching on foot near market was registered in Davanagere. Incident occurred around 06:47. A knife was reportedly involved. Current status: closed.,LOC-d2f3bf9e,standard
KA-2025-00278,FIR/2025/4056,2025-07-30,cyber fraud via phishing call,none (cyber/no physical weapon),chargesheet filed,"Tumakuru ಪ್ರದೇಶದಲ್ಲಿ ಫಿಶಿಂಗ್ ಕರೆ ಮೂಲಕ ಸೈಬರ್ ವಂಚನೆ ಘಟನೆ ವರದಿಯಾಗಿದ್ದು, ಸಮಯ ಸುಮಾರು 08:38. ಪ್ರಸ್ತುತ ಸ್ಥಿತಿ: ಆರೋಪಪಟ್ಟಿ ಸಲ್ಲಿಕೆಯಾಗಿದೆ.",A case of cyber fraud via phishing call was registered in Tumakuru. Incident occurred around 08:38. No weapon was involved. Current status: chargesheet filed.,LOC-debddecb,standard
KA-2024-00279,FIR/2024/9871,2024-05-30,chain snatching using two-wheeler,none,chargesheet filed,"Tumakuru ಪ್ರದೇಶದಲ್ಲಿ ದ್ವಿಚಕ್ರ ವಾಹನ ಬಳಸಿ ಸರಗಳ್ಳತನ ಘಟನೆ ವರದಿಯಾಗಿದ್ದು, ಸಮಯ ಸುಮಾರು 05:20. ಪ್ರಸ್ತುತ ಸ್ಥಿತಿ: ಆರೋಪಪಟ್ಟಿ ಸಲ್ಲಿಕೆಯಾಗಿದೆ.",Complainant reported a chain snatching using two-wheeler at approximately 05:20 in Tumakuru. No weapon was involved. Case status: chargesheet filed.,LOC-57e7bc17,standard
KA-2026-00280,FIR/2026/5896,2026-06-08,cyber fraud via phishing call,none (cyber/no physical weapon),pending forensic report,"Belagavi ಪ್ರದೇಶದಲ್ಲಿ ಫಿಶಿಂಗ್ ಕರೆ ಮೂಲಕ ಸೈಬರ್ ವಂಚನೆ ಘಟನೆ ವರದಿಯಾಗಿದ್ದು, ಸಮಯ ಸುಮಾರು 16:20. ಪ್ರಸ್ತುತ ಸ್ಥಿತಿ: ವಿಧಿವಿಜ್ಞಾನ ವರದಿ ಬಾಕಿ.",Complainant reported a cyber fraud via phishing call at approximately 16:20 in Belagavi. No weapon was involved. Case status: pending forensic report.,LOC-d105019f,standard
KA-2025-00281,FIR/2025/4471,2025-11-28,cyber fraud via fake job offer,knife,under investigation,Bengaluru Urban ನಲ್ಲಿ 13:24 ಸಮಯದಲ್ಲಿ ನಕಲಿ ಉದ್ಯೋಗ ನೀಡಿಕೆ ಮೂಲಕ ಸೈಬರ್ ವಂಚನೆ ಪ್ರಕರಣ ವರದಿಯಾಗಿದೆ. ಪ್ರಕರಣದ ಸ್ಥಿತಿ: ತನಿಖೆ ಹಂತದಲ್ಲಿ.,Complainant reported a cyber fraud via fake job offer at approximately 13:24 in Bengaluru Urban. A knife was reportedly involved. Case status: under investigation.,LOC-e35ce1d9,standard
KA-2025-00282,FIR/2025/2425,2025-02-04,ATM tampering attempt,knife,chargesheet filed,Bengaluru Urban ನಲ್ಲಿ 14:42 ಸಮಯದಲ್ಲಿ ಎಟಿಎಂ ಕುತಂತ್ರ ಪ್ರಯತ್ನ ಪ್ರಕರಣ ವರದಿಯಾಗಿದೆ. ಪ್ರಕರಣದ ಸ್ಥಿತಿ: ಆರೋಪಪಟ್ಟಿ ಸಲ್ಲಿಕೆಯಾಗಿದೆ.,A case of ATM tampering attempt was registered in Bengaluru Urban. Incident occurred around 14:42. A knife was reportedly involved. Current status: chargesheet filed.,LOC-77743fdf,standard
KA-2024-00283,FIR/2024/3428,2024-06-23,pickpocketing in crowded transit area,none,pending forensic report,Shivamogga ನಲ್ಲಿ 19:00 ಸಮಯದಲ್ಲಿ ಜನನಿಬಿಡ ಸ್ಥಳದಲ್ಲಿ ಜೇಬುಗಳ್ಳತನ ಪ್ರಕರಣ ವರದಿಯಾಗಿದೆ. ಪ್ರಕರಣದ ಸ್ಥಿತಿ: ವಿಧಿವಿಜ್ಞಾನ ವರದಿ ಬಾಕಿ.,A case of pickpocketing in crowded transit area was registered in Shivamogga. Incident occurred around 19:00. No weapon was involved. Current status: pending forensic report.,LOC-ebf2e9db,standard
KA-2025-00284,FIR/2025/8955,2025-09-30,residential break-in via forced door lock,blunt object,closed,"Mysuru ಪ್ರದೇಶದಲ್ಲಿ ಬಾಗಿಲಿನ ಬೀಗ ಮುರಿದು ಮನೆ ಕಳ್ಳತನ ಘಟನೆ ವರದಿಯಾಗಿದ್ದು, ಸಮಯ ಸುಮಾರು 07:05. ಪ್ರಸ್ತುತ ಸ್ಥಿತಿ: ಪ್ರಕರಣ ಮುಕ್ತಾಯ.",A case of residential break-in via forced door lock was registered in Mysuru. Incident occurred around 07:05. A blunt object was reportedly involved. Current status: closed.,LOC-293993da,standard
KA-2025-00285,FIR/2025/1807,2025-09-06,cyber fraud via fake job offer,none (cyber/no physical weapon),under investigation,Bengaluru Urban ನಲ್ಲಿ 20:13 ಸಮಯದಲ್ಲಿ ನಕಲಿ ಉದ್ಯೋಗ ನೀಡಿಕೆ ಮೂಲಕ ಸೈಬರ್ ವಂಚನೆ ಪ್ರಕರಣ ವರದಿಯಾಗಿದೆ. ಪ್ರಕರಣದ ಸ್ಥಿತಿ: ತನಿಖೆ ಹಂತದಲ್ಲಿ.,A case of cyber fraud via fake job offer was registered in Bengaluru Urban. Incident occurred around 20:13. No weapon was involved. Current status: under investigation.,LOC-caae9160,standard
KA-2026-00286,FIR/2026/3201,2026-02-02,chain snatching using two-wheeler,blunt object,closed,Kalaburagi ನಲ್ಲಿ 16:53 ಸಮಯದಲ್ಲಿ ದ್ವಿಚಕ್ರ ವಾಹನ ಬಳಸಿ ಸರಗಳ್ಳತನ ಪ್ರಕರಣ ವರದಿಯಾಗಿದೆ. ಪ್ರಕರಣದ ಸ್ಥಿತಿ: ಪ್ರಕರಣ ಮುಕ್ತಾಯ.,Complainant reported a chain snatching using two-wheeler at approximately 16:53 in Kalaburagi. A blunt object was reportedly involved. Case status: closed.,LOC-8e05bd52,standard
KA-2025-00287,FIR/2025/8937,2025-11-17,ATM tampering attempt,none,chargesheet filed,"Tumakuru ಪ್ರದೇಶದಲ್ಲಿ ಎಟಿಎಂ ಕುತಂತ್ರ ಪ್ರಯತ್ನ ಘಟನೆ ವರದಿಯಾಗಿದ್ದು, ಸಮಯ ಸುಮಾರು 04:23. ಪ್ರಸ್ತುತ ಸ್ಥಿತಿ: ಆರೋಪಪಟ್ಟಿ ಸಲ್ಲಿಕೆಯಾಗಿದೆ.",Complainant reported a ATM tampering attempt at approximately 04:23 in Tumakuru. No weapon was involved. Case status: chargesheet filed.,LOC-659c63f0,standard
KA-2026-00288,FIR/2026/4158,2026-03-25,chain snatching using two-wheeler,none (cyber/no physical weapon),chargesheet filed,Bengaluru Urban ನಲ್ಲಿ 10:48 ಸಮಯದಲ್ಲಿ ದ್ವಿಚಕ್ರ ವಾಹನ ಬಳಸಿ ಸರಗಳ್ಳತನ ಪ್ರಕರಣ ವರದಿಯಾಗಿದೆ. ಪ್ರಕರಣದ ಸ್ಥಿತಿ: ಆರೋಪಪಟ್ಟಿ ಸಲ್ಲಿಕೆಯಾಗಿದೆ.,Complainant reported a chain snatching using two-wheeler at approximately 10:48 in Bengaluru Urban. No weapon was involved. Case status: chargesheet filed.,LOC-a1b34319,standard
KA-2025-00289,FIR/2025/3029,2025-07-26,shop burglary after business hours,knife,closed,"Bengaluru Urban ಪ್ರದೇಶದಲ್ಲಿ ವ್ಯಾಪಾರದ ಸಮಯದ ನಂತರ ಅಂಗಡಿ ಕಳ್ಳತನ ಘಟನೆ ವರದಿಯಾಗಿದ್ದು, ಸಮಯ ಸುಮಾರು 05:09. ಪ್ರಸ್ತುತ ಸ್ಥಿತಿ: ಪ್ರಕರಣ ಮುಕ್ತಾಯ.",A case of shop burglary after business hours was registered in Bengaluru Urban. Incident occurred around 05:09. A knife was reportedly involved. Current status: closed.,LOC-a1b34319,standard
KA-2024-00290,FIR/2024/5670,2024-09-11,pickpocketing in crowded transit area,blunt object,closed,Kalaburagi ನಲ್ಲಿ 00:13 ಸಮಯದಲ್ಲಿ ಜನನಿಬಿಡ ಸ್ಥಳದಲ್ಲಿ ಜೇಬುಗಳ್ಳತನ ಪ್ರಕರಣ ವರದಿಯಾಗಿದೆ. ಪ್ರಕರಣದ ಸ್ಥಿತಿ: ಪ್ರಕರಣ ಮುಕ್ತಾಯ.,A case of pickpocketing in crowded transit area was registered in Kalaburagi. Incident occurred around 00:13. A blunt object was reportedly involved. Current status: closed.,LOC-72cf862a,restricted
KA-2024-00291,FIR/2024/9409,2024-11-17,chain snatching on foot near market,knife,chargesheet filed,"Mangaluru ಪ್ರದೇಶದಲ್ಲಿ ಮಾರುಕಟ್ಟೆ ಬಳಿ ನಡೆದುಕೊಂಡು ಸರಗಳ್ಳತನ ಘಟನೆ ವರದಿಯಾಗಿದ್ದು, ಸಮಯ ಸುಮಾರು 03:29. ಪ್ರಸ್ತುತ ಸ್ಥಿತಿ: ಆರೋಪಪಟ್ಟಿ ಸಲ್ಲಿಕೆಯಾಗಿದೆ.",A case of chain snatching on foot near market was registered in Mangaluru. Incident occurred around 03:29. A knife was reportedly involved. Current status: chargesheet filed.,LOC-8ac1518b,restricted
KA-2025-00292,FIR/2025/7943,2025-01-27,two-wheeler theft from parking area,none,chargesheet filed,"Bengaluru Urban ಪ್ರದೇಶದಲ್ಲಿ ಪಾರ್ಕಿಂಗ್ ಪ್ರದೇಶದಿಂದ ದ್ವಿಚಕ್ರ ವಾಹನ ಕಳ್ಳತನ ಘಟನೆ ವರದಿಯಾಗಿದ್ದು, ಸಮಯ ಸುಮಾರು 01:47. ಪ್ರಸ್ತುತ ಸ್ಥಿತಿ: ಆರೋಪಪಟ್ಟಿ ಸಲ್ಲಿಕೆಯಾಗಿದೆ.",A case of two-wheeler theft from parking area was registered in Bengaluru Urban. Incident occurred around 01:47. No weapon was involved. Current status: chargesheet filed.,LOC-0a850880,standard
KA-2024-00293,FIR/2024/5890,2024-01-12,cyber fraud via phishing call,none (cyber/no physical weapon),under investigation,"Tumakuru ಪ್ರದೇಶದಲ್ಲಿ ಫಿಶಿಂಗ್ ಕರೆ ಮೂಲಕ ಸೈಬರ್ ವಂಚನೆ ಘಟನೆ ವರದಿಯಾಗಿದ್ದು, ಸಮಯ ಸುಮಾರು 09:56. ಪ್ರಸ್ತುತ ಸ್ಥಿತಿ: ತನಿಖೆ ಹಂತದಲ್ಲಿ.",A case of cyber fraud via phishing call was registered in Tumakuru. Incident occurred around 09:56. No weapon was involved. Current status: under investigation.,LOC-fac8511a,standard
KA-2025-00294,FIR/2025/9475,2025-04-09,shop burglary after business hours,blunt object,closed,Mysuru ನಲ್ಲಿ 03:44 ಸಮಯದಲ್ಲಿ ವ್ಯಾಪಾರದ ಸಮಯದ ನಂತರ ಅಂಗಡಿ ಕಳ್ಳತನ ಪ್ರಕರಣ ವರದಿಯಾಗಿದೆ. ಪ್ರಕರಣದ ಸ್ಥಿತಿ: ಪ್ರಕರಣ ಮುಕ್ತಾಯ.,Complainant reported a shop burglary after business hours at approximately 03:44 in Mysuru. A blunt object was reportedly involved. Case status: closed.,LOC-abb83e3d,standard
KA-2025-00295,FIR/2025/7628,2025-04-04,two-wheeler theft from parking area,none,pending forensic report,"Davanagere ಪ್ರದೇಶದಲ್ಲಿ ಪಾರ್ಕಿಂಗ್ ಪ್ರದೇಶದಿಂದ ದ್ವಿಚಕ್ರ ವಾಹನ ಕಳ್ಳತನ ಘಟನೆ ವರದಿಯಾಗಿದ್ದು, ಸಮಯ ಸುಮಾರು 04:56. ಪ್ರಸ್ತುತ ಸ್ಥಿತಿ: ವಿಧಿವಿಜ್ಞಾನ ವರದಿ ಬಾಕಿ.",A case of two-wheeler theft from parking area was registered in Davanagere. Incident occurred around 04:56. No weapon was involved. Current status: pending forensic report.,LOC-e917dece,standard
KA-2026-00296,FIR/2026/9311,2026-04-10,chain snatching on foot near market,blunt object,chargesheet filed,"Davanagere ಪ್ರದೇಶದಲ್ಲಿ ಮಾರುಕಟ್ಟೆ ಬಳಿ ನಡೆದುಕೊಂಡು ಸರಗಳ್ಳತನ ಘಟನೆ ವರದಿಯಾಗಿದ್ದು, ಸಮಯ ಸುಮಾರು 12:38. ಪ್ರಸ್ತುತ ಸ್ಥಿತಿ: ಆರೋಪಪಟ್ಟಿ ಸಲ್ಲಿಕೆಯಾಗಿದೆ.",A case of chain snatching on foot near market was registered in Davanagere. Incident occurred around 12:38. A blunt object was reportedly involved. Current status: chargesheet filed.,LOC-a7db6519,standard
KA-2025-00297,FIR/2025/6820,2025-06-05,two-wheeler theft from parking area,blunt object,chargesheet filed,Shivamogga ನಲ್ಲಿ 09:17 ಸಮಯದಲ್ಲಿ ಪಾರ್ಕಿಂಗ್ ಪ್ರದೇಶದಿಂದ ದ್ವಿಚಕ್ರ ವಾಹನ ಕಳ್ಳತನ ಪ್ರಕರಣ ವರದಿಯಾಗಿದೆ. ಪ್ರಕರಣದ ಸ್ಥಿತಿ: ಆರೋಪಪಟ್ಟಿ ಸಲ್ಲಿಕೆಯಾಗಿದೆ.,Complainant reported a two-wheeler theft from parking area at approximately 09:17 in Shivamogga. A blunt object was reportedly involved. Case status: chargesheet filed.,LOC-c21c2fe1,standard
KA-2024-00298,FIR/2024/2166,2024-07-01,chain snatching using two-wheeler,blunt object,pending forensic report,Ballari ನಲ್ಲಿ 23:12 ಸಮಯದಲ್ಲಿ ದ್ವಿಚಕ್ರ ವಾಹನ ಬಳಸಿ ಸರಗಳ್ಳತನ ಪ್ರಕರಣ ವರದಿಯಾಗಿದೆ. ಪ್ರಕರಣದ ಸ್ಥಿತಿ: ವಿಧಿವಿಜ್ಞಾನ ವರದಿ ಬಾಕಿ.,A case of chain snatching using two-wheeler was registered in Ballari. Incident occurred around 23:12. A blunt object was reportedly involved. Current status: pending forensic report.,LOC-d4a508e1,standard
KA-2024-00299,FIR/2024/4281,2024-03-24,cyber fraud via phishing call,blunt object,pending forensic report,Shivamogga ನಲ್ಲಿ 23:34 ಸಮಯದಲ್ಲಿ ಫಿಶಿಂಗ್ ಕರೆ ಮೂಲಕ ಸೈಬರ್ ವಂಚನೆ ಪ್ರಕರಣ ವರದಿಯಾಗಿದೆ. ಪ್ರಕರಣದ ಸ್ಥಿತಿ: ವಿಧಿವಿಜ್ಞಾನ ವರದಿ ಬಾಕಿ.,Complainant reported a cyber fraud via phishing call at approximately 23:34 in Shivamogga. A blunt object was reportedly involved. Case status: pending forensic report.,LOC-ebf2e9db,standard
KA-2025-00300,FIR/2025/1950,2025-05-31,two-wheeler theft from parking area,none,pending forensic report,"Tumakuru ಪ್ರದೇಶದಲ್ಲಿ ಪಾರ್ಕಿಂಗ್ ಪ್ರದೇಶದಿಂದ ದ್ವಿಚಕ್ರ ವಾಹನ ಕಳ್ಳತನ ಘಟನೆ ವರದಿಯಾಗಿದ್ದು, ಸಮಯ ಸುಮಾರು 17:19. ಪ್ರಸ್ತುತ ಸ್ಥಿತಿ: ವಿಧಿವಿಜ್ಞಾನ ವರದಿ ಬಾಕಿ.",Complainant reported a two-wheeler theft from parking area at approximately 17:19 in Tumakuru. No weapon was involved. Case status: pending forensic report.,LOC-debddecb,restricted
